date,actual,persistence,climatology,ar1,gbr,lstm
2020-01-01,0.9855853516005454,0.8215768970735005,0.7885072847395976,0.7990047215331335,0.8110779614068175,0.8413242
2020-01-02,0.9895292956939626,0.9855853516005454,0.779034231262757,0.8544175883008505,0.8881621359445112,0.8980145
2020-01-03,0.9767471532008548,0.9895292956939626,0.7351192295638647,0.8156346560114456,0.8928863030584118,0.87729454
2020-01-04,0.5629806056481796,0.9767471532008548,0.7647763932298179,0.8572002957372045,0.8474996324632137,0.90097016
2020-01-05,0.9719918982214063,0.5629806056481796,0.7916728653212459,0.7144849562538048,0.7478403911280427,0.7635838
2020-01-06,0.9851461730108172,0.9719918982214063,0.8396219464912227,0.9085948883024866,0.8888989447407183,0.92584324
2020-01-07,0.6134162765343424,0.9851461730108172,0.8481135701636686,0.9037773226052793,0.8988567077534644,0.9443306
2020-01-08,0.6968613428684942,0.6134162765343424,0.8570258986969822,0.7672529972100963,0.8115998148364105,0.80516326
2020-01-09,0.6284993857890994,0.6968613428684942,0.8203521889442715,0.7590884365177499,0.7825870676598418,0.8024185
2020-01-10,0.4244148031907938,0.6284993857890994,0.7766628010636417,0.7032781338129236,0.7006557285638564,0.71504
2020-01-11,0.7124062580812,0.4244148031907938,0.7288718225488736,0.594135182330366,0.6007171059382685,0.6255023
2020-01-12,0.3264692715994116,0.7124062580812,0.7360609159202678,0.7297627542583911,0.6831749237511892,0.6732317
2020-01-13,0.6719626451593342,0.3264692715994116,0.8294176346428889,0.672746759717754,0.697759397860497,0.63805306
2020-01-14,0.981705576802329,0.6719626451593342,0.8008978279674345,0.7406704983679271,0.7111744622613635,0.7104764
2020-01-15,0.884707253131372,0.981705576802329,0.7587563933380986,0.827916271465438,0.8305527930706661,0.78532565
2020-01-16,0.9320084294327694,0.884707253131372,0.7981480063513967,0.8463248470535651,0.8145303333001658,0.8204121
2020-01-17,0.9884821299377805,0.9320084294327694,0.748624422952201,0.7998267116043074,0.8204026016516073,0.8362499
2020-01-18,0.7305004609117132,0.9884821299377805,0.7278535828692894,0.8196003685569628,0.8700791485373536,0.86265576
2020-01-19,0.3288143162461322,0.7305004609117132,0.6745084230281426,0.6755208672624831,0.6883777722278308,0.72887576
2020-01-20,0.30577520691671023,0.3288143162461322,0.6105932812374867,0.4783635374989307,0.5548066438487151,0.5377941
2020-01-21,0.8463494215856604,0.30577520691671023,0.6538753021885442,0.5372808475433201,0.5763007497938102,0.546741
2020-01-22,0.9639232477006026,0.8463494215856604,0.7254125674915014,0.7990348913462548,0.6930680213185622,0.74616456
2020-01-23,0.988965739102461,0.9639232477006026,0.6524798115340598,0.7437113526689095,0.7378028006480506,0.77816504
2020-01-24,0.9951028123031102,0.988965739102461,0.693855521806225,0.8225630904372891,0.8624648000623422,0.8381313
2020-01-25,0.9799052080157433,0.9951028123031102,0.7556186793137193,0.8708472910917502,0.8719803585711517,0.89828664
2020-01-26,0.6913419299985829,0.9799052080157433,0.6614346232240127,0.7472253544874196,0.8051759509327392,0.8101988
2020-01-27,0.9508458346632621,0.6913419299985829,0.6779447413907663,0.6893844374490088,0.6789856967611351,0.70690274
2020-01-28,0.9724386684655415,0.9508458346632621,0.6144705799707523,0.7188566279867485,0.765718380826762,0.7182034
2020-01-29,0.9326204375579683,0.9724386684655415,0.6272901383531032,0.7642147421563577,0.7713312909680498,0.7688993
2020-01-30,0.8060375305955942,0.9326204375579683,0.6959645365493149,0.8127549198026083,0.8238181057547436,0.81568706
2020-01-31,0.9278429914484517,0.8060375305955942,0.7264662039776638,0.7685696807501309,0.7721529958754617,0.786302
2020-02-01,0.8226267880364109,0.9278429914484517,0.729631393057883,0.8066590324643805,0.8046886700029697,0.83549607
2020-02-02,0.9805387713997985,0.8226267880364109,0.7237826886886247,0.7593538974701233,0.7324021814277211,0.7839035
2020-02-03,0.9864015170417687,0.9805387713997985,0.6916167659524725,0.7898272657965524,0.8108899743345596,0.8268647
2020-02-04,0.9983794896601764,0.9864015170417687,0.6564079931948776,0.7691646509736908,0.8321313127472509,0.7974547
2020-02-05,0.6732581602373887,0.9983794896601764,0.7314456613582329,0.8622514878284285,0.9187665105713346,0.8725073
2020-02-06,0.9931254153394898,0.6732581602373887,0.7099986688994971,0.6877416555138222,0.689843070157914,0.71517146
2020-02-07,0.8892425523449545,0.9931254153394898,0.7091170029214362,0.8174144149768261,0.8491303455984476,0.84819794
2020-02-08,0.9159016727866177,0.8892425523449545,0.6816967430994936,0.750595676502653,0.7609602116586599,0.7614823
2020-02-09,0.9012889582599063,0.9159016727866177,0.6673380192593386,0.7569225890488475,0.7573701553125302,0.7765109
2020-02-10,0.9993545710202388,0.9012889582599063,0.7690155739388601,0.8585029910065365,0.8396048660654043,0.84858704
2020-02-11,0.998162588509456,0.9993545710202388,0.7232253606864241,0.8113311917073528,0.8493595970494321,0.8577808
2020-02-12,0.9901351258344995,0.998162588509456,0.7480718983904228,0.8532367781670784,0.8787531908212007,0.8776117
2020-02-13,0.797017643150668,0.9901351258344995,0.7611016860656349,0.8536920944802099,0.9036862686063825,0.892514
2020-02-14,0.9629569455727051,0.797017643150668,0.7582163620799698,0.7719543972628307,0.7833432988542638,0.80525404
2020-02-15,0.9625613335424461,0.9629569455727051,0.7490821339610527,0.8273964423539306,0.8417839952364142,0.86628723
2020-02-16,0.9585984446800991,0.9625613335424461,0.8161725029875283,0.8978293762184048,0.8896996591709987,0.91548467
2020-02-17,0.8305128760008655,0.9585984446800991,0.7421787428753442,0.7966573857051075,0.8732887908339995,0.859715
2020-02-18,0.738956179004008,0.8305128760008655,0.6807907907563899,0.7145790433108966,0.7059772961355913,0.75781727
2020-02-19,0.8292865547117338,0.738956179004008,0.7169517680541684,0.7392003231540275,0.7136544265973248,0.74259204
2020-02-20,0.9965840131816902,0.8292865547117338,0.7056072128581189,0.7485758367404518,0.7070229158769874,0.7621815
2020-02-21,0.9222185957325283,0.9965840131816902,0.5935937181114067,0.7048938154686146,0.8195364315955074,0.74191236
2020-02-22,0.9929106784113739,0.9222185957325283,0.6163537282983766,0.7420544055776589,0.7300199394125895,0.7337579
2020-02-23,0.9843961078371869,0.9929106784113739,0.7747298765261851,0.9187648138871854,0.8772631624171705,0.89897454
2020-02-24,0.9978181116045568,0.9843961078371869,0.7975269997819394,0.8777253933703062,0.8997590473925776,0.91933703
2020-02-25,0.9642698151553276,0.9978181116045568,0.7488155810253817,0.8254279440070736,0.8675916922225062,0.8892622
2020-02-26,0.7821901808369246,0.9642698151553276,0.7561974721162943,0.8386098060481383,0.8006752442545316,0.88231826
2020-02-27,0.9967975467267045,0.7821901808369246,0.7029886017657121,0.7129309442753783,0.6855476342621952,0.75896144
2020-02-28,0.9960915472417214,0.9967975467267045,0.7875502956238006,0.8999337026246782,0.8796172879062065,0.90514046
2020-02-29,0.872815052286085,0.9960915472417214,0.6478132000037523,0.7275812831714067,0.852616734529319,0.80000806
2020-03-01,0.6668791458337483,0.872815052286085,0.7249506822228015,0.811015028372487,0.7389251114061673,0.81165916
2020-03-02,0.4443167205704711,0.6668791458337483,0.7987435197092602,0.7765308634198348,0.7407512338818982,0.7810797
2020-03-03,0.83471043620664,0.4443167205704711,0.6943318438181418,0.5587618010989827,0.6114526790315236,0.60477966
2020-03-04,0.7200120158458968,0.83471043620664,0.6986006003379932,0.7522961217071653,0.7218786492259516,0.742817
2020-03-05,0.9818653777300393,0.7200120158458968,0.6668238865215731,0.675013861213491,0.6434232726638742,0.66530347
2020-03-06,0.6860163468372423,0.9818653777300393,0.7092616852740334,0.8297666485703179,0.8371810346667953,0.80909616
2020-03-07,0.7316491646359635,0.6860163468372423,0.6599683532542401,0.6510768937693634,0.6549414384073787,0.65397966
2020-03-08,0.9828062205137166,0.7316491646359635,0.7886435481026962,0.8160618208878726,0.7775732899791284,0.7776907
2020-03-09,0.8030494647405639,0.9828062205137166,0.7744892828714524,0.8487574867916658,0.8686448306678961,0.8681041
2020-03-10,0.8382945193486253,0.8030494647405639,0.7695919559464381,0.7805163699170257,0.7793798932411667,0.79626334
2020-03-11,0.9945190886911103,0.8382945193486253,0.7095601750486373,0.7358392529230591,0.7352158366797278,0.76407945
2020-03-12,0.9221105527638191,0.9945190886911103,0.7551152583564269,0.8641134836305475,0.8973755887541764,0.86811566
2020-03-13,0.771400743118935,0.9221105527638191,0.7529134009091042,0.816789945379556,0.8166109447571221,0.84549594
2020-03-14,0.7022230994204511,0.771400743118935,0.813244771148327,0.8203162730190675,0.8281550010623019,0.82583356
2020-03-15,0.8297457992244722,0.7022230994204511,0.8100940578783373,0.7676277070959667,0.804075149068171,0.79068124
2020-03-16,0.3555809602993141,0.8297457992244722,0.7805007885517224,0.7880176789795202,0.780294849809065,0.8191017
2020-03-17,0.6996572832266883,0.3555809602993141,0.8215964752733018,0.6590624924921666,0.6508661158955567,0.6997579
2020-03-18,0.7796966809591869,0.6996572832266883,0.8650336754136002,0.8183913179082759,0.8281720046924954,0.8306594
2020-03-19,0.9451807446462751,0.7796966809591869,0.7761952074895089,0.7435533756307979,0.7781091904474032,0.8059499
2020-03-20,0.92787820079323,0.9451807446462751,0.6894265219438269,0.754064344328956,0.7836891359564339,0.789351
2020-03-21,0.46386238514135697,0.92787820079323,0.7326318970122093,0.8238408698286526,0.8051859963313592,0.8019956
2020-03-22,0.812428457456034,0.46386238514135697,0.7199487061331307,0.6171430088933159,0.6248397926424112,0.61670893
2020-03-23,0.5975815619940056,0.812428457456034,0.6920083398511696,0.7273823123272004,0.7201281751100751,0.7141197
2020-03-24,0.18448740352410078,0.5975815619940056,0.7838444819239861,0.7477257619540681,0.6909701038719778,0.72135043
2020-03-25,0.4788628130414238,0.18448740352410078,0.8148752168574542,0.5856181039073567,0.5777584726256052,0.61850834
2020-03-26,0.43031358885017423,0.4788628130414238,0.7977780957713676,0.6692516523698105,0.7202329797667888,0.7018641
2020-03-27,0.7201853281853282,0.43031358885017423,0.7571129633602868,0.6165559314932547,0.6657224927637745,0.6466604
2020-03-28,0.6641837854790654,0.7201853281853282,0.7542609743542743,0.7401359671867823,0.7406824381122413,0.7475272
2020-03-29,0.6265364406645945,0.6641837854790654,0.6949074563776696,0.6604524761856896,0.6041147545625192,0.6687319
2020-03-30,0.9456134094151213,0.6265364406645945,0.82351221543008,0.7973599562231112,0.805423895073682,0.7784576
2020-03-31,0.6764493322859387,0.9456134094151213,0.8333972778954585,0.8801016019613437,0.8192301509024675,0.9167925
2020-04-01,0.627604250264839,0.6764493322859387,0.7680172588980976,0.7079838761441177,0.6958992228526499,0.7421443
2020-04-02,0.8129217914633791,0.627604250264839,0.7298013847549909,0.6760926989981829,0.6622907726601976,0.6908264
2020-04-03,0.4446311241786925,0.8129217914633791,0.7517793061553807,0.7835732819937523,0.741684634463246,0.7847296
2020-04-04,0.971599062300206,0.4446311241786925,0.785034360908628,0.667548628303555,0.6416177793741105,0.69044024
2020-04-05,0.8785195704783574,0.971599062300206,0.7981150130804303,0.8694769546689363,0.8482342918135247,0.8775016
2020-04-06,0.9934855281579474,0.8785195704783574,0.7274163169035641,0.7581714666488394,0.7413898953958074,0.7937286
2020-04-07,0.9560899111343439,0.9934855281579474,0.748435082433341,0.8502079010341286,0.8705529224390898,0.83683676
2020-04-08,0.993627783429411,0.9560899111343439,0.791979430878085,0.8714084527980972,0.8457089399420813,0.85991406
2020-04-09,0.8595248020008337,0.993627783429411,0.8134854399272954,0.8906169543501828,0.9168501520521808,0.8912219
2020-04-10,0.3332009414533686,0.8595248020008337,0.688316137165147,0.7059264259419511,0.7393906771993148,0.7309627
2020-04-11,0.8943392439901952,0.3332009414533686,0.715591925828448,0.5797585679394578,0.6215528429392891,0.56193113
2020-04-12,0.43135981192774064,0.8943392439901952,0.7398205748803074,0.8081923278572428,0.805792980449022,0.7727698
2020-04-13,0.8836020080446509,0.43135981192774064,0.8026138237580458,0.6846260222930429,0.6630183943446047,0.66609687
2020-04-14,0.5781698326981651,0.8836020080446509,0.7269893673476331,0.7579677573287551,0.7582720163800201,0.78120106
2020-04-15,0.9768873436119582,0.5781698326981651,0.7761494731078836,0.7192252486448986,0.6959311627938478,0.6710452
2020-04-16,0.9463514498850187,0.9768873436119582,0.7782070739257692,0.8549903243620144,0.8191896579141509,0.8570796
2020-04-17,0.4863274751202396,0.9463514498850187,0.8102122233147799,0.8745282972887896,0.8936882890031341,0.8598541
2020-04-18,0.500856939593843,0.4863274751202396,0.771039826039608,0.6471522722329792,0.6733043245557391,0.64959157
2020-04-19,0.2798923421047846,0.500856939593843,0.7567775644542143,0.6534312442932076,0.672062827849223,0.6654627
2020-04-20,0.4086968923822957,0.2798923421047846,0.7715952498487565,0.5891842410787023,0.5746775772729033,0.5766372
2020-04-21,0.7549485717295966,0.4086968923822957,0.7713094322227373,0.632498975609451,0.6158470597194435,0.63899475
2020-04-22,0.3642999425141375,0.7549485717295966,0.853157413024639,0.8468993011624242,0.8452077217878269,0.8134266
2020-04-23,0.4844091255953477,0.3642999425141375,0.8054436751525275,0.6184532209269242,0.646490429382491,0.6036574
2020-04-24,0.9924264224983651,0.4844091255953477,0.6637354232155709,0.540938084798873,0.49263372058601257,0.58061165
2020-04-25,0.31307148027239023,0.9924264224983651,0.7819987489006208,0.9077247180498165,0.9059178063975595,0.8665533
2020-04-26,0.45376572793945,0.31307148027239023,0.8248951275071146,0.6455280762723301,0.6906641870508795,0.6125426
2020-04-27,0.8893100432051316,0.45376572793945,0.8266268301243276,0.6846679582896336,0.6951595813721988,0.71341664
2020-04-28,0.6697509272580878,0.8893100432051316,0.795405354788983,0.819382000730508,0.8265915798806877,0.85881317
2020-04-29,0.9610210944665241,0.6697509272580878,0.8295941199050356,0.7815306660420441,0.7725355197202157,0.7849858
2020-04-30,0.8958929198655227,0.9610210944665241,0.7416829920656558,0.7919544743549329,0.8292043059127493,0.81163675
2020-05-01,0.9723559065916624,0.8958929198655227,0.781109829950997,0.8400959070488515,0.7967024415498989,0.8195199
2020-05-02,0.9799403392572742,0.9723559065916624,0.7483931912715766,0.8215457825627724,0.8583317189377304,0.8088611
2020-05-03,0.997988371807767,0.9799403392572742,0.7132731839848876,0.8018411388353566,0.8228421647775978,0.78577685
2020-05-04,0.9492248989409261,0.997988371807767,0.7190925931732706,0.8279975920890731,0.8753408437376918,0.7914769
2020-05-05,0.9816332225576498,0.9492248989409261,0.797252786230295,0.8852795567786544,0.8403084021326906,0.82785904
2020-05-06,0.9741582741234575,0.9816332225576498,0.8045750319234094,0.8751014810807949,0.8858845943264878,0.8384168
2020-05-07,0.8762350827665853,0.9741582741234575,0.8422278119735709,0.9070942595598643,0.8774380288943238,0.8665579
2020-05-08,0.939526833775796,0.8762350827665853,0.9374924689592893,0.950500421984776,0.9071312608297417,0.9011595
2020-05-09,0.6165598517753547,0.939526833775796,0.887726890963762,0.888505045792207,0.8861663294501019,0.89247704
2020-05-10,0.3390990149339855,0.6165598517753547,0.8562323006033672,0.7525095370422384,0.7910246989683957,0.752929
2020-05-11,0.9984969880587475,0.3390990149339855,0.8214048564315342,0.6235987599398185,0.6775211748745722,0.6569166
2020-05-12,0.9365567649997372,0.9984969880587475,0.7960068590038365,0.8637454947623783,0.9102444469736422,0.8830285
2020-05-13,0.780693729252163,0.9365567649997372,0.7975924631025276,0.8513535127927251,0.8021506003967975,0.81458676
2020-05-14,0.7591648212590952,0.780693729252163,0.8243094435475454,0.8178455924066036,0.8056025319181856,0.8067565
2020-05-15,0.8671405356128367,0.7591648212590952,0.8593060805571712,0.8343879331483735,0.8153702737396318,0.8336463
2020-05-16,0.5330582897774004,0.8671405356128367,0.7798658301329867,0.7828625488042573,0.7915774456663502,0.7969163
2020-05-17,0.5443424285529549,0.5330582897774004,0.8012496482834752,0.7068445161921092,0.7206672045724588,0.64001596
2020-05-18,0.7599349464301233,0.5443424285529549,0.7079405461957857,0.6096722356776285,0.6210192121163968,0.6142497
2020-05-19,0.9892350587950054,0.7599349464301233,0.7867952038666219,0.8066833248497249,0.7433314675864813,0.73902977
2020-05-20,0.9976595669610827,0.9892350587950054,0.7610491547830602,0.838483422867157,0.850858671380625,0.81104636
2020-05-21,0.966183517437367,0.9976595669610827,0.7567290912496301,0.8472337702544795,0.8998971653801145,0.82870096
2020-05-22,0.9980409077127598,0.966183517437367,0.8760081998169748,0.9561255768747662,0.9024467206535455,0.9397034
2020-05-23,0.9768191195901619,0.9980409077127598,0.8437790451778616,0.8904571729683277,0.9422641912235473,0.924331
2020-05-24,0.9803774116983527,0.9768191195901619,0.7870097053991894,0.8378982065375383,0.874346933954257,0.8582921
2020-05-25,0.925556371339504,0.9803774116983527,0.8220411238067785,0.8960052491697085,0.8933640080116019,0.8757161
2020-05-26,0.991324409410973,0.925556371339504,0.753603529892785,0.7931986354666176,0.8052566092881882,0.7787228
2020-05-27,0.9843677713116948,0.991324409410973,0.7905444378140108,0.8814738761912054,0.9185355300205387,0.81770575
2020-05-28,0.9481711036821943,0.9843677713116948,0.7697887672985201,0.843927172368621,0.8760193971751669,0.7966932
2020-05-29,0.9096719534530231,0.9481711036821943,0.8166134691417591,0.8848456147431651,0.8729964575125513,0.8110353
2020-05-30,0.9927746520580397,0.9096719534530231,0.8890131271916522,0.9246084679619138,0.898689573068216,0.85404205
2020-05-31,0.8499673210525042,0.9927746520580397,0.7702187670319767,0.8099080749311596,0.8835088328428595,0.8049135
2020-06-01,0.981742968150784,0.8499673210525042,0.8418950328900464,0.8723992580265899,0.8241926178437591,0.80508316
2020-06-02,0.9782841791466849,0.981742968150784,0.9047053868194114,0.9581979291541128,0.9277395442558085,0.9289725
2020-06-03,0.9550287356321838,0.9782841791466849,0.9113626971202249,0.9395069572136229,0.9224615023912132,0.93301785
2020-06-04,0.9973648617135397,0.9550287356321838,0.86160387540659,0.8783063559211196,0.882326532758221,0.8890264
2020-06-05,0.9610855930425051,0.9973648617135397,0.858134250281707,0.9100635139772018,0.9329699242469303,0.91031635
2020-06-06,0.7308996560670972,0.9610855930425051,0.9274987886317592,0.966878197779121,0.9282822854853325,0.9430817
2020-06-07,0.7536029473734905,0.7308996560670972,0.9315274179778907,0.8563272557297084,0.8802309554713047,0.854936
2020-06-08,0.7749381500252205,0.7536029473734905,0.8977998369178596,0.8297428272920814,0.8492160161910359,0.8663646
2020-06-09,0.8742935874083416,0.7749381500252205,0.8080286352747355,0.7610334188264989,0.8152432300236758,0.7942254
2020-06-10,0.9763492537999862,0.8742935874083416,0.9335358368093131,0.9588825160484814,0.9148657492856013,0.92862487
2020-06-11,0.9960796937332582,0.9763492537999862,0.9110413269974368,0.9274176754690597,0.9254130915845923,0.9505977
2020-06-12,0.9559711417373804,0.9960796937332582,0.931395249524484,0.9639228547709157,0.9617223239108765,0.9774981
2020-06-13,0.9028199717075207,0.9559711417373804,0.9374716964749135,0.9468720995066806,0.9456744760041242,0.9692817
2020-06-14,0.9181971663890853,0.9028199717075207,0.8976811784293286,0.8844267185001616,0.9017932788968054,0.9123343
2020-06-15,0.9973963934389115,0.9181971663890853,0.8991286825611742,0.9069761516884758,0.9020659042165925,0.9179759
2020-06-16,0.6367541934196471,0.9973963934389115,0.8820634079875822,0.9196513042583494,0.9418888915647481,0.9314596
2020-06-17,0.9918606696768897,0.6367541934196471,0.9239037116427963,0.8300716967410239,0.8655176086790378,0.80319446
2020-06-18,0.7067758749069248,0.9918606696768897,0.8822318646900814,0.9082257447412863,0.9390950678567817,0.91753936
2020-06-19,0.7259458991453204,0.7067758749069248,0.8815534053548189,0.8144406021242698,0.8165831636868801,0.79956293
2020-06-20,0.9991172053242837,0.7259458991453204,0.9580701320045993,0.8985494740986414,0.9236962721269125,0.87028736
2020-06-21,0.9934709375687346,0.9991172053242837,0.9131991583683504,0.9288998714548543,0.9735091241603794,0.95308644
2020-06-22,0.9906386711761108,0.9934709375687346,0.9406909339347685,0.9713952953481322,0.9520455122085394,0.9620491
2020-06-23,0.9990068266398775,0.9906386711761108,0.9161621322766048,0.935267394316574,0.9499864588293031,0.9300717
2020-06-24,0.9827430989933473,0.9990068266398775,0.9575602487328061,0.9892487632051176,0.97899695465674,0.96492255
2020-06-25,0.9147507886435331,0.9827430989933473,0.927819089299135,0.9374516568530205,0.9452020409186449,0.93533385
2020-06-26,0.9442212463795199,0.9147507886435331,0.9135857620333343,0.90858707095678,0.914481024668721,0.89782304
2020-06-27,0.9976430203183735,0.9442212463795199,0.9652645627000943,0.9769827903612824,0.9558010730987221,0.9564322
2020-06-28,0.9939993066928051,0.9976430203183735,0.9554465908934038,0.9678315146439684,0.9736129429303256,0.97754896
2020-06-29,0.9981559290382819,0.9939993066928051,0.9410257215083512,0.955772330231406,0.9553786506998417,0.9631809
2020-06-30,0.9764240738028993,0.9981559290382819,0.9521357838044404,0.9739883770457157,0.9735521453946101,0.97492015
2020-07-01,0.960704365332178,0.9764240738028993,0.9492589862316752,0.9585493799622491,0.9573424513680895,0.9634471
2020-07-02,0.9826354046844025,0.960704365332178,0.9381917232759635,0.9425696386518957,0.9504219797734584,0.9504641
2020-07-03,0.9610759416322439,0.9826354046844025,0.9316348579514724,0.9486347908058144,0.9479811949223987,0.9555725
2020-07-04,0.984587374471837,0.9610759416322439,0.9502101464514016,0.9614715098189542,0.9543943717132524,0.95951223
2020-07-05,0.9912496179490373,0.984587374471837,0.9294099553331868,0.9425594188687354,0.9431590500541733,0.95358706
2020-07-06,0.9973229354594658,0.9912496179490373,0.9390520825270033,0.9627060661505338,0.9620049744214257,0.9625646
2020-07-07,0.9972132556141289,0.9973229354594658,0.909224405810248,0.9315133016853094,0.9489169072402037,0.93978775
2020-07-08,0.997606181266591,0.9972132556141289,0.9289195226889406,0.9625757026271025,0.9572182415937458,0.95234144
2020-07-09,0.9821915069109451,0.997606181266591,0.9028434014203554,0.929116395618974,0.9535803904072414,0.9324099
2020-07-10,0.7172538392050588,0.9821915069109451,0.948258996189317,0.9786100477384162,0.9510287517659701,0.96074545
2020-07-11,0.9623069205138051,0.7172538392050588,0.9337082549830833,0.8453476144310734,0.8728082812340459,0.8425263
2020-07-12,0.9286159678746915,0.9623069205138051,0.9465185924415668,0.9574577266073009,0.9522133099415782,0.973459
2020-07-13,0.8325452449119716,0.9286159678746915,0.9537592235977772,0.9469113791819097,0.9463728854014355,0.9484266
2020-07-14,0.9773775859502903,0.8325452449119716,0.9392373016699315,0.8928723419419314,0.8912216146401106,0.9070303
2020-07-15,0.9858628635486082,0.9773775859502903,0.9370029331258068,0.9515917847074965,0.948713815301745,0.9723095
2020-07-16,0.9918813978115071,0.9858628635486082,0.9533731211960305,0.9720622916277519,0.9717837551328382,0.9867532
2020-07-17,0.9709901760529132,0.9918813978115071,0.9356221989283531,0.9503518094388638,0.9704234172607742,0.97349036
2020-07-18,0.9751595757590465,0.9709901760529132,0.9692659230761971,0.9827943531534872,0.958441050624048,0.9904915
2020-07-19,0.9976377018043685,0.9751595757590465,0.9475967493188153,0.949851101269422,0.9535380464138054,0.97195554
2020-07-20,0.9834361421247677,0.9976377018043685,0.943471654640067,0.9626125719822607,0.9591931962784271,0.97529745
2020-07-21,0.970681547432441,0.9834361421247677,0.9124757875838765,0.9277624061147415,0.9233418677940345,0.94661033
2020-07-22,0.9457431938549133,0.970681547432441,0.9406005401124707,0.9628645375538183,0.9509308331063162,0.9614616
2020-07-23,0.9428672191853289,0.9457431938549133,0.9535551309652122,0.9555222220239212,0.9400420940994912,0.9601594
2020-07-24,0.9795138075210595,0.9428672191853289,0.9545341649433544,0.9504459846474564,0.9424553970027151,0.9589715
2020-07-25,0.9902833805842461,0.9795138075210595,0.9762466754042793,0.9858015149920237,0.9607429079764165,0.9897118
2020-07-26,0.9926291137680268,0.9902833805842461,0.9488594396825157,0.954228550386075,0.9641477692669229,0.9724484
2020-07-27,0.9906498706117867,0.9926291137680268,0.9596642111084274,0.9764063327538416,0.9816258753201171,0.9785496
2020-07-28,0.9878384265886601,0.9906498706117867,0.9793836755499505,0.991235846979309,0.9696627906071869,0.9900757
2020-07-29,0.9525177680326629,0.9878384265886601,0.965835938236264,0.9690699232573822,0.9665948357538846,0.97711885
2020-07-30,0.930971670233364,0.9525177680326629,0.965978680861483,0.9608844134194315,0.9447362224690538,0.9615419
2020-07-31,0.9451734425566343,0.930971670233364,0.9210647772430053,0.9076744186757184,0.9145402011369164,0.91918
2020-08-01,0.9550472776392352,0.9451734425566343,0.9222201680184658,0.9314418543988762,0.9229290287134246,0.9275547
2020-08-02,0.9774529037112683,0.9550472776392352,0.9463696633163808,0.9589261987263669,0.9401916774609674,0.9507642
2020-08-03,0.7913425311034614,0.9774529037112683,0.9593307986206788,0.9712202952344342,0.9579608544256314,0.9713172
2020-08-04,0.9488461389787267,0.7913425311034614,0.9718898443834698,0.907633482677851,0.8998800698820644,0.9037156
2020-08-05,0.9900546680510903,0.9488461389787267,0.9620766125235061,0.9532622786928823,0.9453728194373162,0.9718385
2020-08-06,0.9969210685123834,0.9900546680510903,0.9552576179477028,0.9659593656493158,0.965158400303713,0.9817859
2020-08-07,0.9951127497213411,0.9969210685123834,0.9285337989188454,0.9444702794180796,0.9603398341487748,0.9668076
2020-08-08,0.986988964527941,0.9951127497213411,0.8906210329302228,0.9160878182478777,0.940625128550448,0.93991184
2020-08-09,0.9892826430157488,0.986988964527941,0.8601975486350673,0.8970587697255857,0.9159070159416429,0.9140216
2020-08-10,0.9450946376323761,0.9892826430157488,0.9009062057278358,0.9502819070069675,0.9399387995725855,0.9415674
2020-08-11,0.8457167306226685,0.9450946376323761,0.925570276137536,0.9424725747660472,0.9247156861724349,0.94109523
2020-08-12,0.8624754138371642,0.8457167306226685,0.9443809877474826,0.9138366028334973,0.8935340525530119,0.91346514
2020-08-13,0.7484017616138656,0.8624754138371642,0.903424638220526,0.8720953420698392,0.8838873418868419,0.8887991
2020-08-14,0.8514953692260718,0.7484017616138656,0.9447269067964145,0.8854298726695393,0.8920741855867033,0.87727
2020-08-15,0.9242742538102556,0.8514953692260718,0.9413963231264005,0.9057347886095515,0.8923755091004372,0.9162593
2020-08-16,0.7797085517785669,0.9242742538102556,0.9238480996700349,0.917298821584206,0.9165256130194693,0.9343189
2020-08-17,0.9879862003652844,0.7797085517785669,0.9017828797695797,0.8466487739044231,0.85562707563274,0.8589386
2020-08-18,0.9752970692840011,0.9879862003652844,0.9386783388755421,0.9716515448636049,0.9695284644136987,0.96958303
2020-08-19,0.9871477387490835,0.9752970692840011,0.9180375052945059,0.9320443548269313,0.9292407489684792,0.9530135
2020-08-20,0.9165972002644515,0.9871477387490835,0.9479324690820318,0.9743674828127493,0.9629896336218373,0.978458
2020-08-21,0.9567589812373302,0.9165972002644515,0.9278034142774003,0.9158175155176618,0.9176993596634455,0.93349
2020-08-22,0.9835160886998261,0.9567589812373302,0.9418828780388323,0.9529585288057992,0.9489122022456312,0.95908
2020-08-23,0.9878629224178963,0.9835160886998261,0.9212974301556656,0.937222343738841,0.9372475926420344,0.9571134
2020-08-24,0.9824410897870515,0.9878629224178963,0.9402420332064773,0.965703670564432,0.9575596601284173,0.9737805
2020-08-25,0.9989430626475595,0.9824410897870515,0.9438144311380319,0.9599557836464702,0.9536771554445655,0.9740762
2020-08-26,0.9984483563562464,0.9989430626475595,0.9404111514401305,0.9614981317332567,0.974299623352249,0.9779134
2020-08-27,0.9931079930805349,0.9984483563562464,0.954365710163781,0.9765652344912216,0.9740569716871122,0.9876485
2020-08-28,0.9983618677606877,0.9931079930805349,0.9431229205577342,0.9579420396616632,0.956535829931519,0.9747174
2020-08-29,0.9929100138963728,0.9983618677606877,0.9116294074219748,0.9327585840256134,0.9600772196561828,0.9500452
2020-08-30,0.37798702326317457,0.9929100138963728,0.9218874516500324,0.9529776945965267,0.9430743956637995,0.9525303
2020-08-31,0.9927069005043558,0.37798702326317457,0.9115837256564937,0.7035390617356343,0.814344911690455,0.7503668
2020-09-01,0.9757484770621013,0.9927069005043558,0.8588349567917255,0.889864981345066,0.8572254630358677,0.88130367
2020-09-02,0.8534315336580118,0.9757484770621013,0.8720466416821224,0.9167666543222939,0.8873069509229272,0.9083389
2020-09-03,0.9423985864683795,0.8534315336580118,0.9234411216506765,0.916320748709966,0.868931545287074,0.8918328
2020-09-04,0.9907554379776602,0.9423985864683795,0.9291907815807111,0.936442107725991,0.9211208956081874,0.94270515
2020-09-05,0.9788708259450761,0.9907554379776602,0.8655723066924998,0.8891210990468174,0.9286712050854227,0.91514313
2020-09-06,0.9358795816172332,0.9788708259450761,0.8296186385490377,0.8729558950217756,0.91237888282236,0.88642335
2020-09-07,0.9601542416452442,0.9358795816172332,0.8099946870413155,0.8506400350402186,0.8594944565711998,0.86012983
2020-09-08,0.6915969316596932,0.9601542416452442,0.8623567030619412,0.9197934919329005,0.8902469830590204,0.91621304
2020-09-09,0.7669470394627482,0.6915969316596932,0.8802819738677455,0.8149654979128576,0.8195820709227957,0.82454264
2020-09-10,0.9155190133607399,0.7669470394627482,0.8777761137836786,0.8344249283310179,0.8285291998021843,0.856055
2020-09-11,0.7871708134425089,0.9155190133607399,0.7953096131673506,0.8097464630907771,0.8292413143287969,0.8539694
2020-09-12,0.9533768166418642,0.7871708134425089,0.8414299290143572,0.8383167969683027,0.8228974541072387,0.8390169
2020-09-13,0.9820246281784744,0.9533768166418642,0.8484704901515845,0.8912907406936296,0.8758290685505117,0.90457004
2020-09-14,0.9974985355350443,0.9820246281784744,0.8061995032101534,0.8572846362802853,0.9015843883986244,0.8891573
2020-09-15,0.8943136034590061,0.9974985355350443,0.8519920528277122,0.9251648999358781,0.935585283577414,0.92650366
2020-09-16,0.9868584055981519,0.8943136034590061,0.8510922751538366,0.8672804822560282,0.8579184344425211,0.8775354
2020-09-17,0.9110905987669373,0.9868584055981519,0.8750496313827762,0.9269808627368231,0.922358410456557,0.9239911
2020-09-18,0.7894007807300005,0.9110905987669373,0.8684298644084811,0.8822157166628339,0.8841927343233392,0.89317465
2020-09-19,0.9723348732235426,0.7894007807300005,0.804661086210987,0.7744320621180538,0.8077374305281253,0.7941589
2020-09-20,0.9897903435088438,0.9723348732235426,0.8216750211838255,0.8858110925063385,0.8915270681818884,0.8774728
2020-09-21,0.7447596019715428,0.9897903435088438,0.8417944721066954,0.906099432918711,0.9224736722603544,0.90576804
2020-09-22,0.9006591422121897,0.7447596019715428,0.8906014790485423,0.8534851505952884,0.8333254566987033,0.8408009
2020-09-23,0.6839204769876052,0.9006591422121897,0.815754753107649,0.8196018601211812,0.8486708903178265,0.84586716
2020-09-24,0.9542378109633285,0.6839204769876052,0.8690255012085919,0.818598224013774,0.8170373052183637,0.8084597
2020-09-25,0.7914484213589408,0.9542378109633285,0.8195704587889477,0.852164598119603,0.8744024466637941,0.8682482
2020-09-26,0.7785464143391929,0.7914484213589408,0.861584279265879,0.8508274577585897,0.8326269873452727,0.84601796
2020-09-27,0.507212632610903,0.7785464143391929,0.8264170618284056,0.7946546586388817,0.7967388137948788,0.81530744
2020-09-28,0.9952692124429923,0.507212632610903,0.8265332663545415,0.7044359582212029,0.739258958630411,0.7452495
2020-09-29,0.988243080835351,0.9952692124429923,0.9062810345879497,0.9708233871274687,0.9160882613148174,0.9434882
2020-09-30,0.8138563174041519,0.988243080835351,0.8433031057873638,0.8746540028925196,0.8991630816585106,0.9090767
2020-10-01,0.9223164107287184,0.8138563174041519,0.8706581385086273,0.859394593063547,0.83625472810072,0.86471486
2020-10-02,0.6823388581952118,0.9223164107287184,0.8356787193184867,0.8554382696366141,0.846698486235921,0.8874396
2020-10-03,0.6558642537231911,0.6823388581952118,0.8353641973228304,0.7767109251279931,0.7764923123133282,0.7973664
2020-10-04,0.8856063575781334,0.6558642537231911,0.8757975208354198,0.8071378848230748,0.804291661222771,0.8133179
2020-10-05,0.7203572176628521,0.8856063575781334,0.8994340602666929,0.9031859899161048,0.8824237791214947,0.9129814
2020-10-06,0.9152705529535904,0.7203572176628521,0.903713964755354,0.8352161670131802,0.8358885955448279,0.87214696
2020-10-07,0.9218093093093094,0.9152705529535904,0.8648616607233848,0.8692821141414941,0.8555309778489143,0.9077301
2020-10-08,0.9971707917933715,0.9218093093093094,0.8714707823001409,0.8932535458222814,0.8826075151483908,0.93212724
2020-10-09,0.998889144258025,0.9971707917933715,0.8484829182263365,0.8965638074203923,0.9204021979506131,0.93886924
2020-10-10,0.8600469587204752,0.998889144258025,0.835009116960402,0.8925402588996966,0.9365166578127856,0.9264183
2020-10-11,0.6148680339402209,0.8600469587204752,0.8785513710516544,0.8881284721209205,0.8681285700442578,0.8974713
2020-10-12,0.669524033192422,0.6148680339402209,0.8261835423020989,0.7253233326244182,0.7789168379122012,0.77236724
2020-10-13,0.990673534691329,0.669524033192422,0.812315565056222,0.7523925107218213,0.7559849406088647,0.75934917
2020-10-14,0.9610435884239282,0.990673534691329,0.8171068607811962,0.8853296859780724,0.9055195441220799,0.8713738
2020-10-15,0.74765478424015,0.9610435884239282,0.8192666982409447,0.8743232243354625,0.869419585209672,0.8865565
2020-10-16,0.8859569064719655,0.74765478424015,0.8433263352483318,0.8159344160597187,0.7993304754040139,0.82128286
2020-10-17,0.9820656783939896,0.8859569064719655,0.8656860201733377,0.8819924292145656,0.8639399398738223,0.88245887
2020-10-18,0.9844801145077191,0.9820656783939896,0.8582853824592321,0.9028011901660772,0.8940216258908106,0.9228682
2020-10-19,0.9984237461617196,0.9844801145077191,0.8285626525177989,0.8768327755906506,0.9106405019727097,0.9077903
2020-10-20,0.9772076171216717,0.9984237461617196,0.7815017926928882,0.8464745198613322,0.8990834027548013,0.8815835
2020-10-21,0.8577495641289286,0.9772076171216717,0.8664687985330416,0.9413272659025164,0.903554059546425,0.93747586
2020-10-22,0.8252892683284815,0.8577495641289286,0.7777218852285414,0.7743867339828787,0.7905526352103497,0.82018816
2020-10-23,0.7558465621713656,0.8252892683284815,0.8263859463957157,0.8445807109410803,0.8123782579338018,0.8375066
2020-10-24,0.8646530719757666,0.7558465621713656,0.798532278910292,0.7715506077840814,0.7820778087936869,0.7895229
2020-10-25,0.9559202966110883,0.8646530719757666,0.8358136481311234,0.861105185797836,0.8459730171687955,0.8528844
2020-10-26,0.5299355087111368,0.9559202966110883,0.8273474915622914,0.8732888918876875,0.8727835481801326,0.88654816
2020-10-27,0.911754149842979,0.5299355087111368,0.7711519360744827,0.6573903488629808,0.6920990751327357,0.72604144
2020-10-28,0.9160480896215676,0.911754149842979,0.8352289932793808,0.889010050957074,0.8426815166601477,0.8632002
2020-10-29,0.9988888374461782,0.9160480896215676,0.8264266642880532,0.8573403772754947,0.8259884587078145,0.8678592
2020-10-30,0.9455218287427394,0.9988888374461782,0.7389071095783929,0.8048747628125673,0.8939028942354859,0.84849524
2020-10-31,0.9975448186408487,0.9455218287427394,0.7261651174589259,0.8051962922221775,0.8330322468224506,0.8263452
2020-11-01,0.9844409713312651,0.9975448186408487,0.8058312666124553,0.9096353744613628,0.9305642248700599,0.91106504
2020-11-02,0.9983790191856385,0.9844409713312651,0.7523843521691709,0.8207034673083833,0.8769728386557154,0.86509234
2020-11-03,0.9738668947130138,0.9983790191856385,0.8061488542755597,0.9002430582046723,0.9250338473562362,0.9089868
2020-11-04,0.7830796871697315,0.9738668947130138,0.7140687769492493,0.7782217754305396,0.8102807529652735,0.82949495
2020-11-05,0.6750475751110087,0.7830796871697315,0.739635612544249,0.7660326346357281,0.7466342519110727,0.7722185
2020-11-06,0.685053747607127,0.6750475751110087,0.7792968828463445,0.7545916319588623,0.7558433292285917,0.7694255
2020-11-07,0.4866674674193742,0.685053747607127,0.796906071267739,0.7608575955277173,0.765300573886553,0.773399
2020-11-08,0.9632590483491212,0.4866674674193742,0.7161835572179637,0.59751572262122,0.6209942924863453,0.6768452
2020-11-09,0.9013578164320677,0.9632590483491212,0.7803876358764559,0.8748952604942875,0.8129310608209942,0.8410707
2020-11-10,0.7361961443175671,0.9013578164320677,0.7507596654000382,0.79703137111055,0.7809133070046238,0.82112956
2020-11-11,0.7463194933145672,0.7361961443175671,0.82731232378706,0.8217417033371124,0.7799943403926337,0.8214508
2020-11-12,0.9895559930008749,0.7463194933145672,0.7244906977968852,0.6935105306261692,0.7070994171902864,0.7341856
2020-11-13,0.8333853265647599,0.9895559930008749,0.7111401608721171,0.8125289765076407,0.8556145410950222,0.8174559
2020-11-14,0.8144524900251219,0.8333853265647599,0.6745863698683825,0.7213457638403733,0.7112713332357216,0.7418759
2020-11-15,0.8450603058689732,0.8144524900251219,0.7130550606168319,0.7665545587662003,0.7232471919538934,0.7604773
2020-11-16,0.8121934127540295,0.8450603058689732,0.739706216959826,0.7901988907121232,0.7349871740130384,0.79304993
2020-11-17,0.6994242717893178,0.8121934127540295,0.700764641317634,0.7284913602178154,0.7193221669102653,0.7562351
2020-11-18,0.9231783712495878,0.6994242717893178,0.8074384173123308,0.8069257191905893,0.7544296273248438,0.8012833
2020-11-19,0.9450791112126579,0.9231783712495878,0.8206179725984777,0.864889090182459,0.8883347013833669,0.8922601
2020-11-20,0.40169337591187415,0.9450791112126579,0.842658860240362,0.8902658750592167,0.8713256666356085,0.9404299
2020-11-21,0.6099872812064684,0.40169337591187415,0.7037313164013685,0.5350597890412774,0.6536011002100786,0.6752717
2020-11-22,0.6247357932242286,0.6099872812064684,0.7486274844331046,0.7127699169835778,0.6530410645302721,0.70124507
2020-11-23,0.8337391814581194,0.6247357932242286,0.7133976361431384,0.6660084378360457,0.6307999333969441,0.6698276
2020-11-24,0.9925953888146815,0.8337391814581194,0.8003179747720603,0.8463492243245327,0.7925696091006328,0.82016325
2020-11-25,0.9940680430357662,0.9925953888146815,0.7127622156618874,0.7863092987239672,0.8263462004302061,0.83886313
2020-11-26,0.6407042039763241,0.9940680430357662,0.7420042729714323,0.8496051742771243,0.873541844196058,0.87747097
2020-11-27,0.2753531238521388,0.6407042039763241,0.7931543035456478,0.7544065149628131,0.7367488721710137,0.777824
2020-11-28,0.25097868638538495,0.2753531238521388,0.6778376876213302,0.47977611828838806,0.5542766003388206,0.6223435
2020-11-29,0.4408616404308202,0.25097868638538495,0.7096889675277416,0.5464132412755802,0.5057094744938883,0.60925156
2020-11-30,0.9815244697427418,0.4408616404308202,0.7207904112469812,0.6179625993908703,0.6132955125317436,0.61708647
2020-12-01,0.9149749373433583,0.9815244697427418,0.7287931740642523,0.8285252697593306,0.792770493671686,0.750679
2020-12-02,0.23378221341171646,0.9149749373433583,0.6636820577460972,0.7348975235703755,0.7388196856320333,0.7147169
2020-12-03,0.9884479395269447,0.23378221341171646,0.791068930955699,0.6266300668433112,0.6820834980067337,0.6724949
2020-12-04,0.5408914031588241,0.9884479395269447,0.8598968346454852,0.9353953034093856,0.8511690270966646,0.8917868
2020-12-05,0.6356687483736664,0.5408914031588241,0.7864111112883756,0.6643899207932538,0.7189211274670881,0.72732586
2020-12-06,0.5687003166806696,0.6356687483736664,0.8147624983678275,0.7571027823712062,0.7386493308605208,0.76407623
2020-12-07,0.8873715611534637,0.5687003166806696,0.7355926916796015,0.641472663047583,0.6336902873160415,0.6779341
2020-12-08,0.3353376817502378,0.8873715611534637,0.7265666097098432,0.7846227947061127,0.7429056302519592,0.7731212
2020-12-09,0.5050501738046829,0.3353376817502378,0.7137057017844233,0.5640586587128151,0.5661295906580367,0.6297865
2020-12-10,0.3314943147413039,0.5050501738046829,0.8011520602653018,0.7213402658114487,0.721738292504134,0.69696593
2020-12-11,0.3595326973593253,0.3314943147413039,0.7134737458521572,0.533827283511313,0.6273144714209283,0.6004133
2020-12-12,0.6224524572285461,0.3595326973593253,0.7434778071986022,0.6080935665575683,0.5727684667387999,0.6156777
2020-12-13,0.9128628011168105,0.6224524572285461,0.7483942957657854,0.7021014874753019,0.7181443929545677,0.6692152
2020-12-14,0.872735656412621,0.9128628011168105,0.7136834881306915,0.776593523011162,0.7677103642350067,0.764124
2020-12-15,0.8865915220247563,0.872735656412621,0.7036673458456476,0.7645056044111699,0.7402144881144492,0.7921258
2020-12-16,0.9392655849701109,0.8865915220247563,0.6778439618706341,0.7478133841581902,0.7221310939747526,0.79007226
2020-12-17,0.9203181739581531,0.9392655849701109,0.6237011864051876,0.7236962790376433,0.7311195754388695,0.7709915
2020-12-18,0.5465740107298456,0.9203181739581531,0.7301309632294958,0.8435884607197948,0.8168252512371111,0.85341895
2020-12-19,0.6750088245675961,0.5465740107298456,0.6998748580566609,0.6296633956270615,0.6420006550545131,0.6868243
2020-12-20,0.5851726919410428,0.6750088245675961,0.6774316906587896,0.6679203071218791,0.6581957644571772,0.66270816
2020-12-21,0.7744851491877931,0.5851726919410428,0.7107048283864706,0.6754152948980789,0.637267517469223,0.6603956
2020-12-22,0.9634458672875437,0.7744851491877931,0.7382547681988124,0.7626510633906188,0.7298888522860109,0.7357754
2020-12-23,0.9981033975344167,0.9634458672875437,0.7834035879160176,0.869540321926018,0.8314020024320938,0.8655016
2020-12-24,0.9935114886785511,0.9981033975344167,0.8089784626565302,0.8911022253981953,0.9307214690387735,0.9319575
2020-12-25,0.8326424129797727,0.9935114886785511,0.7721320675419726,0.8427168830290901,0.8797967574272725,0.9143312
2020-12-26,0.5962955652059482,0.8326424129797727,0.735800907895363,0.7589464209770115,0.7418201012795695,0.8210818
2020-12-27,0.9642222152905581,0.5962955652059482,0.7194760438667145,0.6661145449227565,0.6791506358950167,0.71633285
2020-12-28,0.91442088091354,0.9642222152905581,0.681815121034172,0.7754317690864773,0.7750591903364179,0.7824868
2020-12-29,0.484592558776535,0.91442088091354,0.7824464534055464,0.8714193326578852,0.8052150231742032,0.8677997
2020-12-30,0.7927143778207608,0.484592558776535,0.7941329806501498,0.6802023599492285,0.701881245932927,0.7378607
2020-12-31,0.9908626297041969,0.7927143778207608,0.748107527195175,0.747564904440211,0.7617563282476795,0.7618993
2021-01-01,0.5557968153704435,0.9908626297041969,0.7885072847395976,0.8813623388647647,0.8775933457364896,0.8565613
2021-01-02,0.6548778903611328,0.5557968153704435,0.779034231262757,0.6900213001011442,0.7067124213932776,0.7095213
2021-01-03,0.6778416138930599,0.6548778903611328,0.7351192295638647,0.6876288014111771,0.667623070765961,0.6989533
2021-01-04,0.8684471127065668,0.6778416138930599,0.7647763932298179,0.742867415629335,0.7298049383631834,0.6984515
2021-01-05,0.5401233571220978,0.8684471127065668,0.7916728653212459,0.831327439699763,0.817664154337236,0.7977358
2021-01-06,0.5020867227841833,0.5401233571220978,0.8396219464912227,0.7434029877234127,0.7175170500305058,0.71981573
2021-01-07,0.668901638211101,0.5020867227841833,0.8481135701636686,0.7190046404541368,0.7696084850759985,0.7260721
2021-01-08,0.8288357748650733,0.668901638211101,0.8570258986969822,0.7884764285958832,0.7475826852454152,0.7779958
2021-01-09,0.7672727272727273,0.8288357748650733,0.8203521889442715,0.8095693240439971,0.7907563067992868,0.813202
2021-01-10,0.8951897480344209,0.7672727272727273,0.7766628010636417,0.7563596385945324,0.7618086274764968,0.7759884
2021-01-11,0.5834232747127167,0.8951897480344209,0.7288718225488736,0.7742089790597382,0.776339478305215,0.80162275
2021-01-12,0.4979902294230413,0.5834232747127167,0.7360609159202678,0.6804261109577177,0.6722039504163629,0.6963868
2021-01-13,0.8610215610304339,0.4979902294230413,0.8294176346428889,0.7383543933275222,0.744787131883927,0.7328694
2021-01-14,0.7969204295971044,0.8610215610304339,0.8008978279674345,0.8129864896060677,0.8228155038070388,0.8213701
2021-01-15,0.6107281469037826,0.7969204295971044,0.7587563933380986,0.757235018350973,0.7481463851795855,0.7902951
2021-01-16,0.5402846424105282,0.6107281469037826,0.7981480063513967,0.7415264536316093,0.713241519372959,0.75819933
2021-01-17,0.9872551802441101,0.5402846424105282,0.748624422952201,0.6499903824391406,0.6349957425763215,0.6837705
2021-01-18,0.9007744433688286,0.9872551802441101,0.7278535828692894,0.8191310540954454,0.8170985246571568,0.81622356
2021-01-19,0.9849803247796929,0.9007744433688286,0.6745084230281426,0.7406515264896175,0.775088018137862,0.78358257
2021-01-20,0.9099042980916247,0.9849803247796929,0.6105932812374867,0.7293503534617969,0.7789171964223552,0.7673378
2021-01-21,0.7489568845618915,0.9099042980916247,0.6538753021885442,0.7683632795080605,0.7509524853275867,0.78014374
2021-01-22,0.8975654835821758,0.7489568845618915,0.7254125674915014,0.7617817534996743,0.7176818105455582,0.76539
2021-01-23,0.7325725285301802,0.8975654835821758,0.6524798115340598,0.7183291723762725,0.7425623914039767,0.7479855
2021-01-24,0.6184644902796197,0.7325725285301802,0.693855521806225,0.7244913910210855,0.7033955624811175,0.72557974
2021-01-25,0.8639950224836677,0.6184644902796197,0.7556186793137193,0.7267812285635545,0.6918361134964668,0.72151333
2021-01-26,0.8859929602063574,0.8639950224836677,0.6614346232240127,0.7028891224576971,0.7303272503896123,0.7311003
2021-01-27,0.7265824188005764,0.8859929602063574,0.6779447413907663,0.7638394406957096,0.7184954491648481,0.7576966
2021-01-28,0.9905827907227035,0.7265824188005764,0.6144705799707523,0.6330747375012515,0.6304135301724703,0.6462455
2021-01-29,0.9877799339172392,0.9905827907227035,0.6272901383531032,0.7711549606598176,0.8328325285942708,0.76849926
2021-01-30,0.870528465929922,0.9877799339172392,0.6959645365493149,0.8338537060568197,0.8395064424915031,0.82709193
2021-01-31,0.7426920027620777,0.870528465929922,0.7264662039776638,0.7932377895938125,0.781458984938959,0.8105839
2021-02-01,0.7995640492725706,0.7426920027620777,0.729631393057883,0.7358378431336124,0.7312064357909345,0.7602395
2021-02-02,0.9455749639778559,0.7995640492725706,0.7237826886886247,0.7505322832834085,0.7221110304450221,0.77061504
2021-02-03,0.9801620298876245,0.9455749639778559,0.6916167659524725,0.7764534326740715,0.8117790302136451,0.7984549
2021-02-04,0.8052076552532222,0.9801620298876245,0.6564079931948776,0.7667780155892098,0.8043897024554466,0.78621846
2021-02-05,0.9596973787827652,0.8052076552532222,0.7314456613582329,0.7883622844546337,0.7714387705418071,0.7799673
2021-02-06,0.8164063817586938,0.9596973787827652,0.7099986688994971,0.7973061048980035,0.8090221622969433,0.83161974
2021-02-07,0.5780798934096573,0.8164063817586938,0.7091170029214362,0.7498184911074929,0.7249666121345213,0.7655109
2021-02-08,0.6230912117337708,0.5780798934096573,0.6816967430994936,0.6315743861629614,0.5556699994384956,0.6488242
2021-02-09,0.847536272847183,0.6230912117337708,0.6673380192593386,0.644921107191358,0.6373475782258388,0.64343876
2021-02-10,0.5890824566868754,0.847536272847183,0.7690155739388601,0.8379423170524802,0.7622443435272929,0.8004113
2021-02-11,0.9579195460162008,0.5890824566868754,0.7232253606864241,0.6544000335618495,0.6426846787640509,0.6583278
2021-02-12,0.9175262500578194,0.9579195460162008,0.7480718983904228,0.8378436109370149,0.8215754433684379,0.82948905
2021-02-13,0.7943665726281184,0.9175262500578194,0.7611016860656349,0.8259188323714944,0.7803282481265192,0.8295494
2021-02-14,0.610599443325564,0.7943665726281184,0.7582163620799698,0.7709403493836441,0.7554255037140438,0.79002285
2021-02-15,0.9733446160355405,0.610599443325564,0.7490821339610527,0.6926179161585811,0.6760276629210928,0.7114589
2021-02-16,0.993511625005199,0.9733446160355405,0.8161725029875283,0.9019540362943183,0.8829322866001907,0.89928937
2021-02-17,0.9928523797616071,0.993511625005199,0.7421787428753442,0.8100118537070657,0.8668267252498439,0.85704637
2021-02-18,0.9778984102365258,0.9928523797616071,0.6807907907563899,0.7766747243184511,0.8546971005406773,0.8228594
2021-02-19,0.9561325348639633,0.9778984102365258,0.7169517680541684,0.8305969347373373,0.8285377831454341,0.8538668
2021-02-20,0.9628597160869751,0.9561325348639633,0.7056072128581189,0.7970950655058179,0.8300807133093383,0.83630306
2021-02-21,0.7857547857547857,0.9628597160869751,0.5935937181114067,0.6919941013134957,0.7641521988371978,0.7461102
2021-02-22,0.2587616644882823,0.7857547857547857,0.6163537282983766,0.6898563082744771,0.687568697420785,0.6867738
2021-02-23,0.4913481304155499,0.2587616644882823,0.7747298765261851,0.637949104066078,0.6908735094626632,0.62281287
2021-02-24,0.9890552751028721,0.4913481304155499,0.7975269997819394,0.6891320490632025,0.6713399248271085,0.6914505
2021-02-25,0.998075072184793,0.9890552751028721,0.7488155810253817,0.8220761147386294,0.8114540112543787,0.8513875
2021-02-26,0.9757555629359018,0.998075072184793,0.7561974721162943,0.8515404877876479,0.8523316829683717,0.85663974
2021-02-27,0.7323990854619994,0.9757555629359018,0.7029886017657121,0.7869706816312232,0.8067277611824947,0.8232552
2021-02-28,0.961796191877094,0.7323990854619994,0.7875502956238006,0.7987999543425689,0.7710099868951447,0.8012257
2021-03-01,0.6953842521544091,0.961796191877094,0.6478132000037523,0.7144631363406682,0.786503033541717,0.77260196
2021-03-02,0.47118842337853645,0.6953842521544091,0.7249506822228015,0.7431468501986166,0.7159259363984531,0.7255031
2021-03-03,0.4271140939597315,0.47118842337853645,0.7987435197092602,0.7016781726316095,0.6655216489313173,0.6975115
2021-03-04,0.722812057623449,0.4271140939597315,0.6943318438181418,0.5521817094406584,0.5642975718831041,0.58701557
2021-03-05,0.9307593412648206,0.722812057623449,0.6986006003379932,0.709494426119842,0.6509825106510765,0.6901419
2021-03-06,0.8357047620942866,0.9307593412648206,0.6668238865215731,0.7556257787643532,0.7318438254441718,0.73414904
2021-03-07,0.8086834263650481,0.8357047620942866,0.7092616852740334,0.7738594740740736,0.7163722809284028,0.73487645
2021-03-08,0.7234890192388541,0.8086834263650481,0.6599683532542401,0.6979976719165797,0.689752876919598,0.7053811
2021-03-09,0.611731318598707,0.7234890192388541,0.7886435481026962,0.812940524014248,0.7527312540633907,0.7889253
2021-03-10,0.8870231729055259,0.611731318598707,0.7744892828714524,0.7068194605846628,0.708688103414241,0.74100024
2021-03-11,0.9942066464039228,0.8870231729055259,0.7695919559464381,0.8126367378769895,0.799274670226102,0.8369796
2021-03-12,0.9948621826519172,0.9942066464039228,0.7095601750486373,0.7954764298427554,0.843897569114647,0.83834577
2021-03-13,0.9691063829787234,0.9948621826519172,0.7551152583564269,0.8642447188053038,0.85574971848989,0.8678628
2021-03-14,0.7665960039393079,0.9691063829787234,0.7529134009091042,0.8347660880565154,0.8425147136686653,0.8559827
2021-03-15,0.8428848556585784,0.7665960039393079,0.813244771148327,0.8184784359891949,0.7919326632535458,0.82027674
2021-03-16,0.9139110039311553,0.8428848556585784,0.8100940578783373,0.8214315400693517,0.8155290812471683,0.8368038
2021-03-17,0.960615878002487,0.9139110039311553,0.7805007885517224,0.820211295334935,0.815423847444328,0.8528587
2021-03-18,0.9589715623847178,0.960615878002487,0.8215964752733018,0.8904914076839954,0.8842000874709401,0.9120621
2021-03-19,0.47570363037430236,0.9589715623847178,0.8650336754136002,0.9175803408280007,0.8922144812359094,0.9500743
2021-03-20,0.5219872661894237,0.47570363037430236,0.7761952074895089,0.6272744967360278,0.7130874454298728,0.67987615
2021-03-21,0.5827654172512862,0.5219872661894237,0.6894265219438269,0.5921906990733707,0.5808840077335009,0.61713994
2021-03-22,0.5635527573590006,0.5827654172512862,0.7326318970122093,0.6918334851687017,0.6355279576812203,0.6764612
2021-03-23,0.9499300264344581,0.5635527573590006,0.7199487061331307,0.6552750803198405,0.633352145906246,0.64737695
2021-03-24,0.9954394819251466,0.9499300264344581,0.6920083398511696,0.7799773576952477,0.7645641607585016,0.77131087
2021-03-25,0.9952960790735061,0.9954394819251466,0.7838444819239861,0.8999084279722191,0.8799687462991014,0.8555382
2021-03-26,0.985828153347411,0.9952960790735061,0.8148752168574542,0.8957565219061998,0.9190987796253739,0.91175306
2021-03-27,0.9968893613030294,0.985828153347411,0.7977780957713676,0.8631684583489831,0.896874280347749,0.90680635
2021-03-28,0.9117570684466983,0.9968893613030294,0.7571129633602868,0.8332740291701634,0.9852338226977528,0.8849094
2021-03-29,0.9945909501846433,0.9117570684466983,0.7542609743542743,0.8134131264595142,0.7990912596427481,0.8472243
2021-03-30,0.5061285918202694,0.9945909501846433,0.6949074563776696,0.7868348872863552,0.8509002169378033,0.8336129
2021-03-31,0.9449868371568259,0.5061285918202694,0.82351221543008,0.7513033452354215,0.7420401609714447,0.73511803
2021-04-01,0.9519122479519894,0.9449868371568259,0.8333972778954585,0.8798619349044784,0.8646020074791045,0.9007017
2021-04-02,0.7570856737039189,0.9519122479519894,0.7680172588980976,0.8133498341787047,0.8096318659323215,0.8643865
2021-04-03,0.9742100842769845,0.7570856737039189,0.7298013847549909,0.7256199981460664,0.7395340200568843,0.7309669
2021-04-04,0.669515413218184,0.9742100842769845,0.7517793061553807,0.845266869498907,0.8460017711279005,0.8320424
2021-04-05,0.6451535328333308,0.669515413218184,0.785034360908628,0.7535680059184318,0.7244549952817022,0.7416842
2021-04-06,0.9975889509846279,0.6451535328333308,0.7981150130804303,0.7446098890778475,0.7344814525412211,0.7355869
2021-04-07,0.7910081824358255,0.9975889509846279,0.7274163169035641,0.8037161067296754,0.8884946100449452,0.8315288
2021-04-08,0.8216729103085177,0.7910081824358255,0.748435082433341,0.7727592925318663,0.73727182371598,0.75473183
2021-04-09,0.9068309141838554,0.8216729103085177,0.791979430878085,0.8199932703445756,0.8101017822788454,0.8111057
2021-04-10,0.45586375786289357,0.9068309141838554,0.8134854399272954,0.8574167130024584,0.8491015600492011,0.87575066
2021-04-11,0.8181490252662285,0.45586375786289357,0.688316137165147,0.5515240355730118,0.6045518528727525,0.5784477
2021-04-12,0.7642323093724623,0.8181490252662285,0.715591925828448,0.7652536619866185,0.7048512384363841,0.7504927
2021-04-13,0.9471752379648017,0.7642323093724623,0.7398205748803074,0.7584257675208225,0.7039135870645423,0.7173507
2021-04-14,0.416375482551841,0.9471752379648017,0.8026138237580458,0.8819280308120496,0.8545951537677567,0.86047477
2021-04-15,0.5964559797108132,0.416375482551841,0.7269893673476331,0.5792512489425462,0.6096775233063934,0.5708014
2021-04-16,0.3076260744347619,0.5964559797108132,0.7761494731078836,0.7262197923354358,0.7062111825593402,0.720989
2021-04-17,0.6025247593806667,0.3076260744347619,0.7782070739257692,0.5989945049908563,0.6176903066347705,0.63561094
2021-04-18,0.9011805207302693,0.6025247593806667,0.8102122233147799,0.743012849718446,0.69842263275182,0.7684456
2021-04-19,0.9191904823483772,0.9011805207302693,0.771039826039608,0.8058356597538576,0.7618152855732306,0.84926486
2021-04-20,0.9358719307849447,0.9191904823483772,0.7567775644542143,0.8134459395699074,0.771584863194672,0.8125819
2021-04-21,0.799176363284597,0.9358719307849447,0.7715952498487565,0.8400997505050689,0.8093594140029192,0.81734693
2021-04-22,0.46259768742799234,0.799176363284597,0.7713094322227373,0.7818593475672444,0.7714765331064004,0.7655582
2021-04-23,0.8022417934347478,0.46259768742799234,0.853157413024639,0.7350736097359916,0.7755139610291404,0.7130461
2021-04-24,0.9198872838839657,0.8022417934347478,0.8054436751525275,0.785968193220443,0.791009829608039,0.79831696
2021-04-25,0.75876565427109,0.9198872838839657,0.6637354232155709,0.7075106822037612,0.7234713389263651,0.74408245
2021-04-26,0.9239559012261687,0.75876565427109,0.7819987489006208,0.8183482927700825,0.7605588815740079,0.7609725
2021-04-27,0.8707081687302808,0.9239559012261687,0.8248951275071146,0.8791944560337043,0.8404932531945042,0.8606006
2021-04-28,0.9186187659805263,0.8707081687302808,0.8266268301243276,0.8441505500315436,0.8273811029978466,0.84146667
2021-04-29,0.9646245398287304,0.9186187659805263,0.795405354788983,0.8305927353825125,0.858320103926265,0.8302615
2021-04-30,0.721976401179941,0.9646245398287304,0.8295941199050356,0.8943213137867726,0.8905498914781069,0.8825939
2021-05-01,0.7636752422318743,0.721976401179941,0.7416829920656558,0.7005186705178759,0.7236143945923674,0.70930374
2021-05-02,0.676078204352288,0.7636752422318743,0.781109829950997,0.7895219768365297,0.7846955691215963,0.7530295
2021-05-03,0.8059522146150622,0.676078204352288,0.7483931912715766,0.7082180634204125,0.6904154687098751,0.70038795
2021-05-04,0.7149152309698674,0.8059522146150622,0.7132731839848876,0.735289801443021,0.7175802561778674,0.7281892
2021-05-05,0.6721289237364008,0.7149152309698674,0.7190925931732706,0.7197206844475238,0.6948590909567731,0.6904082
2021-05-06,0.4289090040416823,0.6721289237364008,0.797252786230295,0.7792889452135447,0.7217960910172094,0.7465567
2021-05-07,0.997512407917032,0.4289090040416823,0.8045750319234094,0.6636816728208083,0.6572081262076279,0.65988046
2021-05-08,0.9905068285280727,0.997512407917032,0.8422278119735709,0.9160273338188005,0.915932207035688,0.90886813
2021-05-09,0.8924782223818749,0.9905068285280727,0.9374924689592893,0.9942099425179887,0.9081426099415559,0.94936097
2021-05-10,0.830985543948507,0.8924782223818749,0.887726890963762,0.870508714047402,0.8787116057302449,0.9041889
2021-05-11,0.8764203870108876,0.830985543948507,0.8562323006033672,0.8345284484751073,0.833832446569121,0.86770195
2021-05-12,0.9969296395256174,0.8764203870108876,0.8214048564315342,0.8291269015571735,0.8343660430243548,0.86024797
2021-05-13,0.9992386246903137,0.9969296395256174,0.7960068590038365,0.863145976023647,0.9115795757514743,0.89498085
2021-05-14,0.923567110475752,0.9992386246903137,0.7975924631025276,0.875329641055645,0.9391241705934007,0.8883871
2021-05-15,0.9847133757961785,0.923567110475752,0.8243094435475454,0.8724953831193196,0.8430752497723708,0.86361724
2021-05-16,0.9984919591260603,0.9847133757961785,0.8593060805571712,0.9206613956747305,0.906538685301311,0.912131
2021-05-17,0.9711995249406176,0.9984919591260603,0.7798658301329867,0.8331051324355729,0.9247821278267466,0.8465895
2021-05-18,0.9963352358065485,0.9711995249406176,0.8012496482834752,0.8744357539665493,0.8871861009264655,0.8431213
2021-05-19,0.9281981992754056,0.9963352358065485,0.7079405461957857,0.7825617698127919,0.8618896560181621,0.777828
2021-05-20,0.9452726995912727,0.9281981992754056,0.7867952038666219,0.8710448698337061,0.7985008360528606,0.807125
2021-05-21,0.9365812481157673,0.9452726995912727,0.7610491547830602,0.8216675981897709,0.845227832677319,0.7980091
2021-05-22,0.9618307426597582,0.9365812481157673,0.7567290912496301,0.823871004472676,0.82770840750339,0.79503226
2021-05-23,0.7053834216300101,0.9618307426597582,0.8760081998169748,0.9544606185138826,0.9175230100620066,0.8985756
2021-05-24,0.8848141316165602,0.7053834216300101,0.8437790451778616,0.7785142048103706,0.8062908767238978,0.7661498
2021-05-25,0.9113184109895999,0.8848141316165602,0.7870097053991894,0.8027058334431082,0.8347298379074589,0.83020836
2021-05-26,0.7512588409931018,0.9113184109895999,0.8220411238067785,0.8695898322233113,0.8544797819205093,0.8489301
2021-05-27,0.5026775948521996,0.7512588409931018,0.753603529892785,0.726528948828016,0.746741090658491,0.7316478
2021-05-28,0.6137779454032332,0.5026775948521996,0.7905444378140108,0.6945639989322544,0.6886632489776456,0.6842207
2021-05-29,0.8372915301593582,0.6137779454032332,0.7697887672985201,0.702174690186758,0.7075166464788812,0.72417355
2021-05-30,0.8163783273458477,0.8372915301593582,0.8166134691417591,0.8424336172426976,0.8059029781929578,0.8233936
2021-05-31,0.5910039290069096,0.8163783273458477,0.8890131271916522,0.8889231842657949,0.837112807670078,0.8596487
2021-06-01,0.698916179127012,0.5910039290069096,0.7702187670319767,0.6562287419357442,0.6716205774660932,0.6959847
2021-06-02,0.9661798999862824,0.698916179127012,0.8418950328900464,0.8146214324970993,0.7742677185544443,0.8119259
2021-06-03,0.8414333992220876,0.9661798999862824,0.9047053868194114,0.9522449768913905,0.9051536368464673,0.9511131
2021-06-04,0.4230202424646869,0.8414333992220876,0.9113626971202249,0.8871608419491763,0.8540252514866742,0.88957953
2021-06-05,0.6072121670910466,0.4230202424646869,0.86160387540659,0.6748104173495274,0.736688306499154,0.708932
2021-06-06,0.6843019388534404,0.6072121670910466,0.858134250281707,0.7608281355986775,0.7951402590818587,0.7588762
2021-06-07,0.9954641179329337,0.6843019388534404,0.9274987886317592,0.8610070505815787,0.9065208437255876,0.84836584
2021-06-08,0.7663302206353566,0.9954641179329337,0.9315274179778907,0.9575245000810808,0.9518781331535863,0.94959164
2021-06-09,0.995781073139499,0.7663302206353566,0.8977998369178596,0.8346110736662331,0.8245716632471324,0.8229939
2021-06-10,0.985609758925776,0.995781073139499,0.8080286352747355,0.8455069535410754,0.9097960659175799,0.8189342
2021-06-11,0.9388152536971686,0.985609758925776,0.9335358368093131,1.0014615144894043,0.9476349491262905,0.9255113
2021-06-12,0.9539760021160459,0.9388152536971686,0.9110413269974368,0.9130607306507664,0.9157753782627911,0.8897832
2021-06-13,0.7936674945251232,0.9539760021160459,0.931395249524484,0.9478179798431464,0.9439628714265755,0.9031718
2021-06-14,0.9297868350315683,0.7936674945251232,0.9374716964749135,0.8847901338102189,0.8899687197665478,0.84565437
2021-06-15,0.863352134963375,0.9297868350315683,0.8976811784293286,0.894741680071144,0.9043879674773645,0.8634869
2021-06-16,0.9699843396554724,0.863352134963375,0.8991286825611742,0.8859976498613451,0.8928268253386222,0.8530903
2021-06-17,0.7405368017034435,0.9699843396554724,0.8820634079875822,0.9091660550856832,0.9177838479771,0.88546985
2021-06-18,0.801704945751726,0.7405368017034435,0.9239037116427963,0.8697690691539675,0.8648298050038772,0.8244593
2021-06-19,0.8649649899502109,0.801704945751726,0.8822318646900814,0.8354902188767983,0.8426472715603883,0.8317551
2021-06-20,0.5908440826205341,0.8649649899502109,0.8815534053548189,0.8749487384622514,0.8721683000253316,0.87084126
2021-06-21,0.994049490820251,0.5908440826205341,0.9580701320045993,0.8468723461777105,0.8761799390733835,0.81607896
2021-06-22,0.990795808552818,0.994049490820251,0.9131991583683504,0.9269614450337439,0.9202639724964925,0.9594592
2021-06-23,0.96629240730412,0.990795808552818,0.9406909339347685,0.9703720449735884,0.9547202660242377,0.9513315
2021-06-24,0.9834995420123077,0.96629240730412,0.9161621322766048,0.9259548252862473,0.907957975817451,0.9363509
2021-06-25,0.8485421796034729,0.9834995420123077,0.9575602487328061,0.9833171484273238,0.9599748359136878,0.9831921
2021-06-26,0.8021312827608227,0.8485421796034729,0.927819089299135,0.8861191266412988,0.8747304939665245,0.9030725
2021-06-27,0.9657586669845293,0.8021312827608227,0.9135857620333343,0.8655095405312352,0.872351399389025,0.88405484
2021-06-28,0.8861410203436793,0.9657586669845293,0.9652645627000943,0.9852209626399487,0.9557669737773313,0.99134076
2021-06-29,0.9169243744728703,0.8861410203436793,0.9554465908934038,0.9251814358785599,0.9339089900427041,0.9428425
2021-06-30,0.9486744405603328,0.9169243744728703,0.9410257215083512,0.926290778951924,0.9395704555948788,0.9549588
2021-07-01,0.989605392127204,0.9486744405603328,0.9521357838044404,0.9550614575151858,0.9497801622497454,0.975482
2021-07-02,0.89877613149528,0.989605392127204,0.9492589862316752,0.9635913008685209,0.9651422262277846,0.9891921
2021-07-03,0.903757190062416,0.89877613149528,0.9381917232759635,0.9188817760884818,0.9345176817707913,0.932986
2021-07-04,0.9861933411634987,0.903757190062416,0.9316348579514724,0.9184634748898126,0.9247666857809393,0.92685306
2021-07-05,0.9977715154873777,0.9861933411634987,0.9502101464514016,0.9710790421379565,0.956238957910314,0.9713034
2021-07-06,0.9861964512196624,0.9977715154873777,0.9294099553331868,0.947602419468677,0.9643329522455388,0.9540343
2021-07-07,0.8782930686449721,0.9861964512196624,0.9390520825270033,0.9607732043267863,0.9493414453420242,0.9515997
2021-07-08,0.8042087024564737,0.8782930686449721,0.909224405810248,0.8859837757913667,0.8844051567319183,0.8855921
2021-07-09,0.9692289631243234,0.8042087024564737,0.9289195226889406,0.8887504851769699,0.8816112804312476,0.8753986
2021-07-10,0.994104879207819,0.9692289631243234,0.9028434014203554,0.9182619661990032,0.9220173322910531,0.9298923
2021-07-11,0.9671917009080302,0.994104879207819,0.948258996189317,0.983166972878222,0.962072827335377,0.96884024
2021-07-12,0.7147073131182099,0.9671917009080302,0.9337082549830833,0.9409501102653078,0.9457050917683714,0.94950265
2021-07-13,0.8265541630475246,0.7147073131182099,0.9465185924415668,0.8627496248682914,0.8841803521320548,0.8594072
2021-07-14,0.987722324668372,0.8265541630475246,0.9537592235977772,0.907872222791833,0.9049422038298409,0.91954315
2021-07-15,0.8667485862269436,0.987722324668372,0.9392373016699315,0.9522283595532622,0.9062569800145905,0.9733189
2021-07-16,0.9859912760042183,0.8667485862269436,0.9370029331258068,0.9092756329522819,0.9148657492856013,0.91448975
2021-07-17,0.995382996028898,0.9859912760042183,0.9533731211960305,0.9721114100413003,0.9620295129066555,0.98490787
2021-07-18,0.9922220878190396,0.995382996028898,0.9356221989283531,0.9516911884617552,0.9602413215401784,0.97332436
2021-07-19,0.993594904764766,0.9922220878190396,0.9692659230761971,0.9909156667565707,0.9725918102183763,0.99612564
2021-07-20,0.9956001617237854,0.993594904764766,0.9475967493188153,0.9569027078266011,0.9634533251363505,0.9798107
2021-07-21,0.9908157686934338,0.9956001617237854,0.943471654640067,0.9618332025992518,0.965852848447907,0.9730029
2021-07-22,0.9983420065351567,0.9908157686934338,0.9124757875838765,0.9305851505900364,0.9388449990280755,0.9489671
2021-07-23,0.9739546464227304,0.9983420065351567,0.9406005401124707,0.9734448030170919,0.9725031958609344,0.97355676
2021-07-24,0.9548302357654166,0.9739546464227304,0.9535551309652122,0.9663132452735227,0.9459757529324079,0.9725301
2021-07-25,0.5757093081134892,0.9548302357654166,0.9545341649433544,0.9550218989766024,0.9438634964956742,0.96381843
2021-07-26,0.5524126230064472,0.5757093081134892,0.9762466754042793,0.831344252257114,0.8829203196832159,0.8318343
2021-07-27,0.9840987085112515,0.5524126230064472,0.9488594396825157,0.7867407716556429,0.8909944222962338,0.8045537
2021-07-28,0.9182638545757159,0.9840987085112515,0.9596642111084274,0.9731434096117914,0.9484785501181194,0.9800395
2021-07-29,0.9452482802086547,0.9182638545757159,0.9793836755499505,0.9635478298481974,0.9526443655969677,0.95991683
2021-07-30,0.8671906435258457,0.9452482802086547,0.965835938236264,0.9527789769232379,0.9447118466330067,0.9653809
2021-07-31,0.7907192637838711,0.8671906435258457,0.965978680861483,0.9282463568655804,0.9427421430249017,0.9346948
2021-08-01,0.5889847647296751,0.7907192637838711,0.9210647772430053,0.8540271640662357,0.8495678510955321,0.87412256
2021-08-02,0.7908370332034974,0.5889847647296751,0.9222201680184658,0.7951978841731018,0.82056948926262,0.80311054
2021-08-03,0.7127043142756927,0.7908370332034974,0.9463696633163808,0.8961149499518095,0.9030434897157856,0.9035437
2021-08-04,0.8967158051875349,0.7127043142756927,0.9593307986206788,0.869952621156653,0.8947125526525339,0.87883264
2021-08-05,0.9969183751432574,0.8967158051875349,0.9718898443834698,0.9479392928021061,0.9601278957680407,0.96655965
2021-08-06,0.993008770814796,0.9969183751432574,0.9620766125235061,0.9716501520880848,0.978368203418731,0.9934775
2021-08-07,0.9538047777250435,0.993008770814796,0.9552576179477028,0.9670893248929325,0.9539429380996849,0.993317
2021-08-08,0.8083030821197809,0.9538047777250435,0.9285337989188454,0.9279780801878447,0.939233905468751,0.9624074
2021-08-09,0.8808728391133737,0.8083030821197809,0.8906210329302228,0.8446321758454582,0.854553184776535,0.8747578
2021-08-10,0.784397044936955,0.8808728391133737,0.8601975486350673,0.8564688152114207,0.8593521404671057,0.86140895
2021-08-11,0.9677584856749385,0.784397044936955,0.9009062057278358,0.8719121298017013,0.8556254460548733,0.8588084
2021-08-12,0.9792476206566424,0.9677584856749385,0.925570276137536,0.9511416112350066,0.9394949055073497,0.9347518
2021-08-13,0.9713201540582409,0.9792476206566424,0.9443809877474826,0.9649128434287927,0.9521006791378,0.9691018
2021-08-14,0.9894336547602878,0.9713201540582409,0.903424638220526,0.9137290055438838,0.9280088047522427,0.92629695
2021-08-15,0.977390180878553,0.9894336547602878,0.9447269067964145,0.9776257905006412,0.9670886152598982,0.96050155
2021-08-16,0.9411815499748146,0.977390180878553,0.9413963231264005,0.953890190614477,0.9523080001040322,0.9521776
2021-08-17,0.9505442777287437,0.9411815499748146,0.9238480996700349,0.9237659478536199,0.9263954550674317,0.9228626
2021-08-18,0.9718282304607259,0.9505442777287437,0.9017828797695797,0.9119943028579343,0.9102984414788108,0.91080725
2021-08-19,0.9490432854976082,0.9718282304607259,0.9386783388755421,0.9654710396773757,0.9493861137288808,0.9492837
2021-08-20,0.9750945961925033,0.9490432854976082,0.9180375052945059,0.9220021497845662,0.9124193903700191,0.9246596
2021-08-21,0.9776322810458459,0.9750945961925033,0.9479324690820318,0.9697570948419011,0.9511699430970944,0.96048325
2021-08-22,0.9693992591399581,0.9776322810458459,0.9278034142774003,0.9391637425213957,0.9357175666849558,0.9477484
2021-08-23,0.9330755637451102,0.9693992591399581,0.9418828780388323,0.9577934990151774,0.9497631411822447,0.9576274
2021-08-24,0.8074428782088889,0.9330755637451102,0.9212974301556656,0.9179285879068789,0.9176052580556161,0.9299173
2021-08-25,0.7399024234183795,0.8074428782088889,0.9402420332064773,0.8966920914168018,0.8867002533587441,0.8915496
2021-08-26,0.9589190303065986,0.7399024234183795,0.9438144311380319,0.8671835174393289,0.8869587058441667,0.8741861
2021-08-27,0.9779792204169863,0.9589190303065986,0.9404111514401305,0.9461887369938022,0.9508410549631847,0.96713376
2021-08-28,0.8443629308515475,0.9779792204169863,0.954365710163781,0.9687356864986525,0.9545205024719577,0.9726603
2021-08-29,0.998629061049625,0.8443629308515475,0.9431229205577342,0.9010463012760586,0.8928285462138588,0.91739345
2021-08-30,0.9717035355842778,0.998629061049625,0.9116294074219748,0.9328607868096114,0.9552371687035645,0.9687238
2021-08-31,0.763028547247811,0.9717035355842778,0.9218874516500324,0.9448661094182066,0.9254787563532325,0.96060365
2021-09-01,0.7673953925716972,0.763028547247811,0.9115837256564937,0.8508193915021383,0.8462880500647046,0.866001
2021-09-02,0.9049526144072917,0.7673953925716972,0.8588349567917255,0.8036821903434536,0.8227932658586409,0.83324015
2021-09-03,0.9279815440168512,0.9049526144072917,0.8720466416821224,0.8896868788996292,0.8879817841705834,0.8984921
2021-09-04,0.9932209628686677,0.9279815440168512,0.9234411216506765,0.9448365046110991,0.9143416810573289,0.9452293
2021-09-05,0.9917145250059823,0.9932209628686677,0.9291907815807111,0.9558819236665972,0.9505263513819024,0.97992337
2021-09-06,0.943895263312739,0.9917145250059823,0.8655723066924998,0.8894879546844751,0.9318969819314683,0.9342729
2021-09-07,0.9152834151965508,0.943895263312739,0.8296186385490377,0.8595775654718822,0.8673838369913749,0.8859713
2021-09-08,0.8728173745302158,0.9152834151965508,0.8099946870413155,0.8427618972462155,0.8530626319142101,0.8535458
2021-09-09,0.9962591993159677,0.8728173745302158,0.8623567030619412,0.8863866986697719,0.8499733810819705,0.8729012
2021-09-10,0.9618952431520753,0.9962591993159677,0.8802819738677455,0.9315003557211219,0.9355012374712501,0.93231636
2021-09-11,0.9498617252316298,0.9618952431520753,0.8777761137836786,0.9089936019369775,0.9067360984342901,0.9201039
2021-09-12,0.994698538176799,0.9498617252316298,0.7953096131673506,0.8228827240246044,0.8479417825322644,0.84885716
2021-09-13,0.8399112507490244,0.994698538176799,0.8414299290143572,0.9176972009783857,0.926118397367075,0.8999122
2021-09-14,0.7725885331760952,0.8399112507490244,0.8484704901515845,0.8478895880363717,0.8316681908014657,0.8424908
2021-09-15,0.8019168146832446,0.7725885331760952,0.8061995032101534,0.7771742709935792,0.8102221624176182,0.78382194
2021-09-16,0.6415957406921375,0.8019168146832446,0.8519920528277122,0.8503539028120907,0.8324052239504083,0.83324176
2021-09-17,0.7410169747550084,0.6415957406921375,0.8510922751538366,0.7706146219586447,0.81056838505251,0.7780434
2021-09-18,0.8622772469578425,0.7410169747550084,0.8750496313827762,0.8329452724187979,0.817626789404482,0.82411516
2021-09-19,0.9896997843755183,0.8622772469578425,0.8684298644084811,0.8635443627863655,0.848961257323134,0.8661176
2021-09-20,0.8321515092571307,0.9896997843755183,0.804661086210987,0.8510474437619078,0.9053268887852354,0.8779961
2021-09-21,0.3640090106724768,0.8321515092571307,0.8216750211838255,0.832190246995726,0.8069814740309619,0.8294102
2021-09-22,0.8284142161284502,0.3640090106724768,0.8417944721066954,0.6667349090406578,0.7103868030089259,0.73236233
2021-09-23,0.7309090202328429,0.8284142161284502,0.8906014790485423,0.885483463483772,0.859864516609679,0.8686969
2021-09-24,0.982054128824418,0.7309090202328429,0.815754753107649,0.7546715801755304,0.7621823576433083,0.7865037
2021-09-25,0.9081544591542571,0.982054128824418,0.8690255012085919,0.9326358532611845,0.9049221846017814,0.93091667
2021-09-26,0.7156299312306403,0.9081544591542571,0.8195704587889477,0.8345374830465371,0.8399620901947669,0.8789764
2021-09-27,0.8758486003905886,0.7156299312306403,0.861584279265879,0.8218265019319655,0.8048518681467814,0.8413876
2021-09-28,0.9915687097677022,0.8758486003905886,0.8264170618284056,0.8318732367816981,0.8272439159138418,0.8665947
2021-09-29,0.997506500908346,0.9915687097677022,0.8265332663545415,0.8897046067291233,0.9223119968438356,0.9238959
2021-09-30,0.9978297826165589,0.997506500908346,0.9062810345879497,0.9716791612776179,0.9465497922749206,0.9914863
2021-10-01,0.9717866587209952,0.9978297826165589,0.8433031057873638,0.8783209647959993,0.9426767057715086,0.93495464
2021-10-02,0.9914306654388965,0.9717866587209952,0.8706581385086273,0.9198037471427557,0.908855349353705,0.93341863
2021-10-03,0.9979637241223275,0.9914306654388965,0.8356787193184867,0.881874821517931,0.9315398101887613,0.9050412
2021-10-04,0.7830867047647883,0.9979637241223275,0.8353641973228304,0.8974390322038134,0.9264810468653005,0.9046057
2021-10-05,0.9966415229885057,0.7830867047647883,0.8757975208354198,0.8558011156071317,0.8325377438181394,0.85010344
2021-10-06,0.9755290134486975,0.9966415229885057,0.8994340602666929,0.9456575021002567,0.9427877731064629,0.9346503
2021-10-07,0.9590366911778606,0.9755290134486975,0.903713964755354,0.9328206690978693,0.9165131166266469,0.9463037
2021-10-08,0.9714172140301729,0.9590366911778606,0.8648616607233848,0.8860228833021058,0.8876513213313856,0.9054009
2021-10-09,0.9511041611045424,0.9714172140301729,0.8714707823001409,0.9122288202049104,0.9133121178141633,0.9144937
2021-10-10,0.953570254009402,0.9511041611045424,0.8484829182263365,0.8789430882603642,0.8720326928502377,0.8891758
2021-10-11,0.9346012999213912,0.953570254009402,0.835009116960402,0.8752055542387637,0.8749726112974879,0.87895733
2021-10-12,0.8604508480614326,0.9346012999213912,0.8785513710516544,0.9166458845910453,0.893544956750782,0.90462244
2021-10-13,0.8643206021298744,0.8604508480614326,0.8261835423020989,0.8192600007386897,0.8339627562996184,0.83568805
2021-10-14,0.8542331537757901,0.8643206021298744,0.812315565056222,0.8269031832684951,0.8353658187530189,0.8281608
2021-10-15,0.9581000117476601,0.8542331537757901,0.8171068607811962,0.8331405504096452,0.8130558782881824,0.8260797
2021-10-16,0.9839164957455884,0.9581000117476601,0.8192666982409447,0.8731972913735125,0.8782808729834714,0.8754399
2021-10-17,0.5231923748733099,0.9839164957455884,0.8433263352483318,0.9063057152942087,0.9053126389189003,0.90840703
2021-10-18,0.9586636109417379,0.5231923748733099,0.8656860201733377,0.7432331616723635,0.8034618219538292,0.7968167
2021-10-19,0.9930170960751264,0.9586636109417379,0.8582853824592321,0.8938497810403354,0.8828304024743266,0.911852
2021-10-20,0.9954327424400418,0.9930170960751264,0.8285626525177989,0.8800982142047687,0.9081349370346483,0.9133117
2021-10-21,0.9759523758538726,0.9954327424400418,0.7815017926928882,0.8453304458147128,0.9040897111327814,0.8973005
2021-10-22,0.9702449449284893,0.9759523758538726,0.8664687985330416,0.9408471297708473,0.9106761366815984,0.950935
2021-10-23,0.7676734230505428,0.9702449449284893,0.7777218852285414,0.817416785936519,0.8466893268287088,0.88109946
2021-10-24,0.7611855164388874,0.7676734230505428,0.8263859463957157,0.8225423588057161,0.7992823320136356,0.8332944
2021-10-25,0.7771312868014988,0.7611855164388874,0.798532278910292,0.7735927847861656,0.7735427831565627,0.7961378
2021-10-26,0.735844161969672,0.7771312868014988,0.8358136481311234,0.8276276604420678,0.8217768382183833,0.82763225
2021-10-27,0.8266228430566968,0.735844161969672,0.8273474915622914,0.7891086576410076,0.7853854097585913,0.80423033
2021-10-28,0.8692083094007276,0.8266228430566968,0.7711519360744827,0.7708747543571336,0.7734727953095649,0.79183805
2021-10-29,0.9138419761320596,0.8692083094007276,0.8352289932793808,0.8727360518681397,0.8344581300750075,0.86542225
2021-10-30,0.7748195629132387,0.9138419761320596,0.8264266642880532,0.8564965277112331,0.8429012541047851,0.88252985
2021-10-31,0.9172670869608727,0.7748195629132387,0.7389071095783929,0.7191671323673133,0.7367962761908167,0.76701885
2021-11-01,0.7190742419663544,0.9172670869608727,0.7261651174589259,0.7943887106293237,0.7773265881654895,0.7993262
2021-11-02,0.6506228329266727,0.7190742419663544,0.8058312666124553,0.8031189708837463,0.7564171495381533,0.7962358
2021-11-03,0.4679335548172757,0.6506228329266727,0.7523843521691709,0.69301634152132,0.68890256547303,0.7320285
2021-11-04,0.6249598338977186,0.4679335548172757,0.8061488542755597,0.6973449860517166,0.6863835233237757,0.7318458
2021-11-05,0.6547218922948624,0.6249598338977186,0.7140687769492493,0.6447630605289522,0.6317815439240423,0.6877214
2021-11-06,0.49883730044679014,0.6547218922948624,0.739635612544249,0.7169351290949327,0.6480801146110229,0.7084114
2021-11-07,0.35563921734980647,0.49883730044679014,0.7792968828463445,0.6871903109475007,0.6697432057850446,0.71040404
2021-11-08,0.4106969205834684,0.35563921734980647,0.796906071267739,0.6348548721224567,0.6528562912439753,0.7014032
2021-11-09,0.2132867132867133,0.4106969205834684,0.7161835572179637,0.5684566043351094,0.6306819959275453,0.6473008
2021-11-10,0.5185667211253565,0.2132867132867133,0.7803876358764559,0.5880270503317031,0.7648584844322919,0.6637631
2021-11-11,0.8868406742794998,0.5185667211253565,0.7507596654000382,0.6506118416919432,0.5435894481928861,0.6767256
2021-11-12,0.6157475507202131,0.8868406742794998,0.82731232378706,0.8793639977346349,0.892351382837418,0.858029
2021-11-13,0.7217316210268268,0.6157475507202131,0.7244906977968852,0.6435661023875234,0.6396439902395256,0.71887517
2021-11-14,0.4841242549289317,0.7217316210268268,0.7111401608721171,0.7100848000571585,0.6598623398239575,0.7406549
2021-11-15,0.46373779637377965,0.4841242549289317,0.6745863698683825,0.5877516380099866,0.6022318756535442,0.65735245
2021-11-16,0.4011122697254084,0.46373779637377965,0.7130550606168319,0.6324044151650932,0.6043837894121323,0.6688283
2021-11-17,0.519731142643764,0.4011122697254084,0.739706216959826,0.6203865222024221,0.5889710499148535,0.6692444
2021-11-18,0.6009193357058126,0.519731142643764,0.700764641317634,0.6166230631563822,0.5851612196253889,0.646644
2021-11-19,0.9239497965499457,0.6009193357058126,0.8074384173123308,0.7692470830791607,0.7305169969171252,0.7655416
2021-11-20,0.613204993232065,0.9239497965499457,0.8206179725984777,0.8651841642603173,0.8057269752493778,0.8977524
2021-11-21,0.8114197530864197,0.613204993232065,0.842658860240362,0.7633223469136663,0.7577708914697294,0.85536134
2021-11-22,0.581652609705415,0.8114197530864197,0.7037313164013685,0.691782199964183,0.7293609542637791,0.77782404
2021-11-23,0.9683808404349104,0.581652609705415,0.7486274844331046,0.7019317618689954,0.6659425240645999,0.7528601
2021-11-24,0.7230860312217618,0.9683808404349104,0.7133976361431384,0.7974544059281379,0.811358945887001,0.81374043
2021-11-25,0.6334106020862564,0.7230860312217618,0.8003179747720603,0.804023834875982,0.7366101923318193,0.83707774
2021-11-26,0.5400911019593161,0.6334106020862564,0.7127622156618874,0.6489193016944919,0.664361779475286,0.7088392
2021-11-27,0.5712887937624216,0.5400911019593161,0.7420042729714323,0.6759566989225645,0.6634304611721151,0.69714874
2021-11-28,0.42244082385490317,0.5712887937624216,0.7931543035456478,0.7278547695786227,0.7025274049427591,0.7249016
2021-11-29,0.5339084440526415,0.42244082385490317,0.6778376876213302,0.5360379072425273,0.5011484072262948,0.6043045
2021-11-30,0.5914035636136292,0.5339084440526415,0.7096889675277416,0.6546353041293862,0.5764831141214067,0.6323033
2021-12-01,0.9820474460354776,0.5914035636136292,0.7207904112469812,0.6755456461765788,0.6787699490475667,0.64212763
2021-12-02,0.1918065220357484,0.9820474460354776,0.7287931740642523,0.8287253108355686,0.8367976642548856,0.78180146
2021-12-03,0.5763233999748523,0.1918065220357484,0.6636820577460972,0.4582819482396622,0.5563727089956444,0.5473781
2021-12-04,0.9876188711868594,0.5763233999748523,0.791068930955699,0.7576538026563899,0.714082196593481,0.7046936
2021-12-05,0.5296942948010644,0.9876188711868594,0.8598968346454852,0.9350781805773775,0.9613049595113233,0.8854842
2021-12-06,0.7107017599292237,0.5296942948010644,0.7864111112883756,0.6601069702317244,0.6928794697686499,0.6907934
2021-12-07,0.9953766743722093,0.7107017599292237,0.8147624983678275,0.7858032886722288,0.7646958542001714,0.77404404
2021-12-08,0.8572552619500361,0.9953766743722093,0.7355926916796015,0.8046785272205291,0.8843121790986134,0.8243101
2021-12-09,0.754661910167018,0.8572552619500361,0.7265666097098432,0.7731031579871273,0.6678264633308962,0.8003264
2021-12-10,0.7378618268530172,0.754661910167018,0.7137057017844233,0.7244522962644171,0.705605373522513,0.75690234
2021-12-11,0.4677583434515801,0.7378618268530172,0.8011520602653018,0.8103919002419516,0.7886557739688009,0.81168157
2021-12-12,0.8631235735246169,0.4677583434515801,0.7134737458521572,0.5859489634695573,0.6355993988118077,0.6578615
2021-12-13,0.9889538863650508,0.8631235735246169,0.7434778071986022,0.8007196229409994,0.8000457297343455,0.7655823
2021-12-14,0.9936523741365362,0.9889538863650508,0.7483942957657854,0.842290137220188,0.8691344373718065,0.8565313
2021-12-15,0.9376643365612776,0.9936523741365362,0.7136834881306915,0.8074959431784866,0.8566700260743224,0.8634637
2021-12-16,0.9904798172124906,0.9376643365612776,0.7036673458456476,0.7893411528596525,0.7877894663122229,0.84014755
2021-12-17,0.9894008773896058,0.9904798172124906,0.6778439618706341,0.7875511823462629,0.8408228244574846,0.83647835
2021-12-18,0.9921520033044198,0.9894008773896058,0.6237011864051876,0.7428732818815702,0.838830093594426,0.79813397
2021-12-19,0.9799966661110184,0.9921520033044198,0.7301309632294958,0.8710652636500965,0.8788645965197772,0.8866803
2021-12-20,0.9137623173070564,0.9799966661110184,0.6998748580566609,0.7954497527768427,0.8361268046345341,0.8596304
2021-12-21,0.8956298742359307,0.9137623173070564,0.6774316906587896,0.759244725277297,0.7794724501664116,0.81208944
2021-12-22,0.944661341738601,0.8956298742359307,0.7107048283864706,0.7941667368557914,0.7839058375040167,0.8210127
2021-12-23,0.9868373602596465,0.944661341738601,0.7382547681988124,0.8277443174841465,0.8584163187716809,0.8535673
2021-12-24,0.9266913356140474,0.9868373602596465,0.7834035879160176,0.8784876862596362,0.9094384015145063,0.904375
2021-12-25,0.9050121261115602,0.9266913356140474,0.8089784626565302,0.8637867506408347,0.8621846261686064,0.9021015
2021-12-26,0.49655002464268116,0.9050121261115602,0.7721320675419726,0.8088654293777902,0.8067451950477883,0.8624445
2021-12-27,0.7886783482749252,0.49655002464268116,0.735800907895363,0.6303893830917318,0.6706589022160264,0.70899457
2021-12-28,0.9757763561242171,0.7886783482749252,0.7194760438667145,0.7397019321701831,0.7146762205024408,0.7355747
2021-12-29,0.9577251977110526,0.9757763561242171,0.681815121034172,0.7798512863752616,0.774833199334495,0.7433569
2021-12-30,0.993067323987059,0.9577251977110526,0.7824464534055464,0.8879834527877061,0.8810253843072006,0.8457042
2021-12-31,0.9209797391926801,0.993067323987059,0.7941329806501498,0.8746965285863227,0.9191528138814528,0.8995693
2022-01-01,0.9013438834463703,0.9209797391926801,0.7885072847395976,0.8370268112431895,0.8377252972122365,0.8712895
2022-01-02,0.9410719850420691,0.9013438834463703,0.779034231262757,0.8221948007911677,0.8380253775116475,0.86730444
2022-01-03,0.8902731491575046,0.9410719850420691,0.7351192295638647,0.7970994896778177,0.73129722644949,0.8480822
2022-01-04,0.9979352850539291,0.8902731491575046,0.7647763932298179,0.8241235519617908,0.8121980919236876,0.8494742
2022-01-05,0.576417218759179,0.9979352850539291,0.7916728653212459,0.8808573203391882,0.914281718116328,0.92043877
2022-01-06,0.43170136211770754,0.576417218759179,0.8396219464912227,0.7572855733081885,0.7700039765282819,0.7896847
2022-01-07,0.7193748418121995,0.43170136211770754,0.8481135701636686,0.6920818841175851,0.7234193716942822,0.73783183
2022-01-08,0.7158358134920635,0.7193748418121995,0.8570258986969822,0.807782684175316,0.7940179384240136,0.80363667
2022-01-09,0.834434403240885,0.7158358134920635,0.8203521889442715,0.7663462674697582,0.7657649845752795,0.78774726
2022-01-10,0.3030242472688516,0.834434403240885,0.7766628010636417,0.782049319234421,0.7853525265355191,0.80581987
2022-01-11,0.8304154925355237,0.3030242472688516,0.7288718225488736,0.547702680916736,0.6307604095407153,0.6073483
2022-01-12,0.6355453213313795,0.8304154925355237,0.7360609159202678,0.7749018831140596,0.70366030045746,0.73558474
2022-01-13,0.4842227804668831,0.6355453213313795,0.8294176346428889,0.7909699114868836,0.7618980173337236,0.77602303
2022-01-14,0.9157182863611989,0.4842227804668831,0.8008978279674345,0.6688590508749903,0.6972378380442165,0.6987074
2022-01-15,0.9908206721915285,0.9157182863611989,0.7587563933380986,0.8026757992275516,0.7946236948015925,0.80279464
2022-01-16,0.9832700729927009,0.9908206721915285,0.7981480063513967,0.8869137663734842,0.890950001944923,0.8971046
2022-01-17,0.9862192419162357,0.9832700729927009,0.748624422952201,0.8194345494544946,0.8761249810982291,0.875049
2022-01-18,0.9864379176728254,0.9862192419162357,0.7278535828692894,0.8187348024471344,0.8638156622857807,0.87140906
2022-01-19,0.9794894911816082,0.9864379176728254,0.6745084230281426,0.7734182385415377,0.8383937883681717,0.83261055
2022-01-20,0.9838563448659083,0.9794894911816082,0.6105932812374867,0.7272500818478419,0.7180451554438977,0.77750677
2022-01-21,0.9904288761648142,0.9838563448659083,0.6538753021885442,0.7966503113146846,0.8304977317517249,0.8096242
2022-01-22,0.8340470204713099,0.9904288761648142,0.7254125674915014,0.8541460112156083,0.9105400476744545,0.8659377
2022-01-23,0.989175457005578,0.8340470204713099,0.6524798115340598,0.6940330390750674,0.7325374447758667,0.74110687
2022-01-24,0.9905623716204963,0.989175457005578,0.693855521806225,0.8226433085956045,0.872586997512058,0.80967665
2022-01-25,0.9924246480004284,0.9905623716204963,0.7556186793137193,0.8691105495733282,0.913174184076441,0.8797134
2022-01-26,0.9960224429049338,0.9924246480004284,0.6614346232240127,0.7520141035822053,0.8526202174230262,0.8082322
2022-01-27,0.9932796401861829,0.9960224429049338,0.6779447413907663,0.8059262741576787,0.883156183705829,0.8266458
2022-01-28,0.9921642659494686,0.9932796401861829,0.6144705799707523,0.7350877731525692,0.8987564104785465,0.7814289
2022-01-29,0.9848522597040211,0.9921642659494686,0.6272901383531032,0.7717598829302915,0.8783267805218479,0.7975532
2022-01-30,0.9819806477093208,0.9848522597040211,0.6959645365493149,0.8327338558673922,0.8745169988083711,0.85221016
2022-01-31,0.9946252612720216,0.9819806477093208,0.7264662039776638,0.8358688126476304,0.8957328652340559,0.87345326
2022-02-01,0.5083039630822282,0.9946252612720216,0.729631393057883,0.8322035883356155,0.9078922101927535,0.87572104
2022-02-02,0.9964037637322036,0.5083039630822282,0.7237826886886247,0.639123827649814,0.6786213026591521,0.6834533
2022-02-03,0.996925696447997,0.9964037637322036,0.6916167659524725,0.7958957055800832,0.8498801783859995,0.8229755
2022-02-04,0.9787023637240714,0.996925696447997,0.6564079931948776,0.773190202808804,0.8339341327223055,0.72798896
2022-02-05,0.8779356036193963,0.9787023637240714,0.7314456613582329,0.8547248876666179,0.8760479675168009,0.8367458
2022-02-06,0.9034149617689605,0.8779356036193963,0.7099986688994971,0.7660318124950984,0.7921288637562307,0.777622
2022-02-07,0.9669256488586342,0.9034149617689605,0.7091170029214362,0.7830997128931688,0.8075572337447605,0.79948455
2022-02-08,0.9305397826036571,0.9669256488586342,0.6816967430994936,0.7803098536994855,0.8030643051202889,0.80459094
2022-02-09,0.9957853009522941,0.9305397826036571,0.6673380192593386,0.762521740066902,0.8074177597069748,0.7831089
2022-02-10,0.9960162114862064,0.9957853009522941,0.7690155739388601,0.8946483198776605,0.8509253419070824,0.89832664
2022-02-11,0.91586107293438,0.9960162114862064,0.7232253606864241,0.8100542523062115,0.8290842436013355,0.86765146
2022-02-12,0.727405867624132,0.91586107293438,0.7480718983904228,0.8217560323276663,0.7405371970778449,0.85502315
2022-02-13,0.940266567421088,0.727405867624132,0.7611016860656349,0.7531968248061893,0.7209716859851524,0.78157085
2022-02-14,0.9118415878229893,0.940266567421088,0.7582163620799698,0.8267478350897759,0.7760774590222275,0.8497099
2022-02-15,0.8344728242174062,0.9118415878229893,0.7490821339610527,0.8078445595657995,0.7699619384754999,0.83935434
2022-02-16,0.9716858620909884,0.8344728242174062,0.8161725029875283,0.8488348737619774,0.7489304091252765,0.8609048
2022-02-17,0.9979720309265284,0.9716858620909884,0.7421787428753442,0.801663389037217,0.7733174484139168,0.85415596
2022-02-18,0.9965630046792829,0.9979720309265284,0.6807907907563899,0.7786330167749529,0.7667918801400048,0.8276612
2022-02-19,0.9247279452879694,0.9965630046792829,0.7169517680541684,0.8377362364833927,0.7948744817293768,0.86177874
2022-02-20,0.710162817920613,0.9247279452879694,0.7056072128581189,0.7850826512054874,0.7133263372295066,0.82323813
2022-02-21,0.8762679563105801,0.710162817920613,0.5935937181114067,0.595336260081807,0.5817799060855375,0.63991046
2022-02-22,0.9618630698848398,0.8762679563105801,0.6163537282983766,0.7244780536636863,0.6097136654278877,0.7093762
2022-02-23,0.8225086475100969,0.9618630698848398,0.7747298765261851,0.9068889466432366,0.8125881408321423,0.87599015
2022-02-24,0.9855387581793194,0.8225086475100969,0.7975269997819394,0.8158026212617401,0.7737371484208758,0.8373246
2022-02-25,0.7412755977328498,0.9855387581793194,0.7488155810253817,0.8207310292351994,0.8321049882886095,0.86767304
2022-02-26,0.6840193704600483,0.7412755977328498,0.7561974721162943,0.7533133903833269,0.750178841883836,0.7740662
2022-02-27,0.2592139504882226,0.6840193704600483,0.7029886017657121,0.6753801129361376,0.695116218317082,0.7012157
2022-02-28,0.515209163546068,0.2592139504882226,0.7875502956238006,0.6178042477020397,0.63575279925481,0.6168649
2022-03-01,0.9256689426093376,0.515209163546068,0.6478132000037523,0.5436413399760222,0.567303706813785,0.5869
2022-03-02,0.9816331284605874,0.9256689426093376,0.7249506822228015,0.8312319086603436,0.7514895734628465,0.804597
2022-03-03,0.9319736792911354,0.9816331284605874,0.7987435197092602,0.8969258532299493,0.8795605722926464,0.87466186
2022-03-04,0.40377930981506727,0.9319736792911354,0.6943318438181418,0.7452930534949597,0.7958024245613081,0.7909165
2022-03-05,0.4726133991269691,0.40377930981506727,0.6986006003379932,0.5874627869935456,0.6220217145544867,0.59869
2022-03-06,0.43739426349052013,0.4726133991269691,0.6668238865215731,0.5803826394245536,0.6123587353100263,0.5870165
2022-03-07,0.7666628967805172,0.43739426349052013,0.7092616852740334,0.6215036944253206,0.5918886643015484,0.6268089
2022-03-08,0.4838122691649401,0.7666628967805172,0.6599683532542401,0.681924606886794,0.6301248916252385,0.7017116
2022-03-09,0.7695360952617217,0.4838122691649401,0.7886435481026962,0.7212629552602388,0.6645007627665507,0.7080488
2022-03-10,0.8756112580142718,0.7695360952617217,0.7744892828714524,0.7671805855489034,0.7650207406591825,0.79782486
2022-03-11,0.8126387019318223,0.8756112580142718,0.7695919559464381,0.8082716227302963,0.7536715248589455,0.84667647
2022-03-12,0.5674705349048051,0.8126387019318223,0.7095601750486373,0.7260257730404925,0.7152828959065052,0.76554465
2022-03-13,0.5828535094846161,0.5674705349048051,0.7551152583564269,0.7007652525694602,0.6832041368523344,0.71334773
2022-03-14,0.5135547850457216,0.5828535094846161,0.7529134009091042,0.6870224109778278,0.6761071937272445,0.70807314
2022-03-15,0.45955086580086574,0.5135547850457216,0.813244771148327,0.7216888903383925,0.6830209819310163,0.7465097
2022-03-16,0.19740835300351656,0.45955086580086574,0.8100940578783373,0.6748043507400099,0.6327771268535063,0.73154324
2022-03-17,0.5421538300214963,0.19740835300351656,0.7805007885517224,0.5461454085829193,0.5527218725568912,0.6422144
2022-03-18,0.6638078161118193,0.5421538300214963,0.8215964752733018,0.7304275585084294,0.7342942324431115,0.76399374
2022-03-19,0.5209394781534661,0.6638078161118193,0.8650336754136002,0.8046787154751887,0.8351955997482845,0.85514766
2022-03-20,0.700019903378146,0.5209394781534661,0.7761952074895089,0.6445774372325141,0.6720620980273379,0.72127116
2022-03-21,0.8389618569496675,0.700019903378146,0.6894265219438269,0.6602890829645627,0.649022959766474,0.7033757
2022-03-22,0.5410341074689639,0.8389618569496675,0.7326318970122093,0.7898299187307282,0.7054469747173808,0.7928374
2022-03-23,0.4151735479961915,0.5410341074689639,0.7199487061331307,0.6466615828783714,0.6498980845467156,0.6609819
2022-03-24,0.8653440270156184,0.4151735479961915,0.6920083398511696,0.5754303008632555,0.5930694013186356,0.59993833
2022-03-25,0.4080749676004386,0.8653440270156184,0.7838444819239861,0.8501462586822306,0.8085912619788415,0.838583
2022-03-26,0.7845411035442451,0.4080749676004386,0.8148752168574542,0.6711414776673419,0.6662257423705269,0.7050151
2022-03-27,0.8582898892651928,0.7845411035442451,0.7977780957713676,0.7861751440540816,0.8299227876803194,0.81981105
2022-03-28,0.7590663348493949,0.8582898892651928,0.7571129633602868,0.7802590303306864,0.794058504392775,0.8233068
2022-03-29,0.41784335405753237,0.7590663348493949,0.7542609743542743,0.7550081488254718,0.7278163142630761,0.7668959
2022-03-30,0.5141320575461454,0.41784335405753237,0.6949074563776696,0.5662260156233896,0.5875458626532304,0.5916548
2022-03-31,0.6148969152069447,0.5141320575461454,0.82351221543008,0.7543647113425975,0.7105119578677704,0.7298778
2022-04-01,0.4536657645262251,0.6148969152069447,0.8333972778954585,0.7536008707619058,0.8180155930987343,0.78939116
2022-04-02,0.7923667582806788,0.4536657645262251,0.7680172588980976,0.6227680350403979,0.6269002862307753,0.679588
2022-04-03,0.5370163631144143,0.7923667582806788,0.7298013847549909,0.7391151913844778,0.671972072751963,0.76806533
2022-04-04,0.4000521285838401,0.5370163631144143,0.7517793061553807,0.6780380606205234,0.6086297423465805,0.6781656
2022-04-05,0.7091834967263658,0.4000521285838401,0.785034360908628,0.6504969370887359,0.6762619879424336,0.6627475
2022-04-06,0.6431134173461823,0.7091834967263658,0.7981150130804303,0.7691016740144764,0.7675465938890957,0.78622115
2022-04-07,0.992286814191154,0.6431134173461823,0.7274163169035641,0.6681274228179869,0.7096123637449173,0.69288254
2022-04-08,0.9914272411054204,0.992286814191154,0.748435082433341,0.8497493868809067,0.9075305841658323,0.8497421
2022-04-09,0.981218650250798,0.9914272411054204,0.791979430878085,0.8849251601842221,0.8754278534015474,0.8753895
2022-04-10,0.9948678506502587,0.981218650250798,0.8134854399272954,0.8858703981664515,0.915723255948132,0.90443707
2022-04-11,0.917186056402059,0.9948678506502587,0.688316137165147,0.7576958263702713,0.8484150265797399,0.81369174
2022-04-12,0.6567463425331287,0.917186056402059,0.715591925828448,0.8031358271459342,0.7796528830441132,0.8041626
2022-04-13,0.07400589701402577,0.6567463425331287,0.7398205748803074,0.7173118417355084,0.717831171559149,0.7111201
2022-04-14,0.6789121767324966,0.07400589701402577,0.8026138237580458,0.5479363429899266,0.8312100111202012,0.57914484
2022-04-15,0.3446878625350976,0.6789121767324966,0.7269893673476331,0.679672861901562,0.7272014483875429,0.7020798
2022-04-16,0.8512361885240148,0.3446878625350976,0.7761494731078836,0.6299172145287607,0.6456047003539083,0.6335216
2022-04-17,0.9943924230635078,0.8512361885240148,0.7782070739257692,0.806928122224998,0.7621475152356779,0.8181526
2022-04-18,0.9751957030280061,0.9943924230635078,0.8102122233147799,0.8929042124337597,0.913587659405412,0.8804245
2022-04-19,0.9425767665058098,0.9751957030280061,0.771039826039608,0.8341468412174277,0.8198488352557164,0.8348886
2022-04-20,0.7096743003950385,0.9425767665058098,0.7567775644542143,0.8223913115055775,0.7859637943200587,0.8305527
2022-04-21,0.5324511825998447,0.7096743003950385,0.7715952498487565,0.7535780131831574,0.7530969039898521,0.75229454
2022-04-22,0.9959363359295631,0.5324511825998447,0.7713094322227373,0.679835617342636,0.7296092882622984,0.6924292
2022-04-23,0.8955974162860464,0.9959363359295631,0.853157413024639,0.9390783394483826,0.9191979105437728,0.9315957
2022-04-24,0.9753053570523541,0.8955974162860464,0.8054436751525275,0.8216771909846562,0.8290240839452154,0.8345425
2022-04-25,0.9178003723328083,0.9753053570523541,0.6637354232155709,0.7287083753948732,0.7931088190389713,0.77794135
2022-04-26,0.8909739477735941,0.9178003723328083,0.7819987489006208,0.8791798765381424,0.8197926819906992,0.8488225
2022-04-27,0.5348760494152963,0.8909739477735941,0.8248951275071146,0.8665786920751332,0.8665762371869629,0.878023
2022-04-28,0.2089066597597695,0.5348760494152963,0.8266268301243276,0.715693066363189,0.7300854828974466,0.72607964
2022-04-29,0.5144869275206956,0.2089066597597695,0.795405354788983,0.5591242663151507,0.6376731344770191,0.59955
2022-04-30,0.9590686336744281,0.5144869275206956,0.8295941199050356,0.7221414010985001,0.7178576485184639,0.7364159
2022-05-01,0.968990540365427,0.9590686336744281,0.7416829920656558,0.7912076482299472,0.8203915809292203,0.8330045
2022-05-02,0.6475904840745315,0.968990540365427,0.781109829950997,0.8680561164853855,0.8202776263077177,0.82477874
2022-05-03,0.7724680379490229,0.6475904840745315,0.7483931912715766,0.6973213663748976,0.6720911816621618,0.667416
2022-05-04,0.8032349804479203,0.7724680379490229,0.7132731839848876,0.7224819345659647,0.7094857460716473,0.7059022
2022-05-05,0.19765967971310208,0.8032349804479203,0.7190925931732706,0.7535034351841474,0.7014972939149869,0.7322626
2022-05-06,0.8618769109755015,0.19765967971310208,0.797252786230295,0.5978020603688765,0.6377008867922923,0.56998587
2022-05-07,0.7417015812071135,0.8618769109755015,0.8045750319234094,0.8292940863901829,0.7911756700101418,0.8230771
2022-05-08,0.9658299857780882,0.7417015812071135,0.8422278119735709,0.8181783991745929,0.8337940082153503,0.7733557
2022-05-09,0.9745102460043088,0.9658299857780882,0.9374924689592893,0.9847709253953604,0.9369523243029938,0.9711319
2022-05-10,0.9875723295377103,0.9745102460043088,0.887726890963762,0.9018863778523266,0.8994906565705463,0.9349928
2022-05-11,0.9977416716512654,0.9875723295377103,0.8562323006033672,0.8944236856952231,0.8954876835180455,0.92775977
2022-05-12,0.9994779652786208,0.9977416716512654,0.8214048564315342,0.8755329063553564,0.899147515390096,0.9031612
2022-05-13,0.9950169248386163,0.9994779652786208,0.7960068590038365,0.8641207235089852,0.9370002171007095,0.8715621
2022-05-14,0.9099079657251665,0.9950169248386163,0.7975924631025276,0.8737148195166622,0.9114291280888661,0.8491045
2022-05-15,0.8366971998905496,0.9099079657251665,0.8243094435475454,0.8672706911890152,0.8431718600171061,0.82437205
2022-05-16,0.9487427339821043,0.8366971998905496,0.8593060805571712,0.8640444599931968,0.8397325560978938,0.81265354
2022-05-17,0.9890278463898495,0.9487427339821043,0.7798658301329867,0.8140758022765685,0.8006212330146989,0.80148363
2022-05-18,0.9981156234145869,0.9890278463898495,0.8012496482834752,0.8812551770642276,0.8892628632738344,0.8436469
2022-05-19,0.9982299819385912,0.9981156234145869,0.7079405461957857,0.7832427770748412,0.8066067041326438,0.7738391
2022-05-20,0.9807641475429533,0.9982299819385912,0.7867952038666219,0.8978323807962424,0.9139478854809628,0.83988583
2022-05-21,0.9974698116148837,0.9807641475429533,0.7610491547830602,0.8352432564827262,0.8445154991099625,0.82019114
2022-05-22,0.9971058903643174,0.9974698116148837,0.7567290912496301,0.8471611878751197,0.894935236010429,0.8358571
2022-05-23,0.9608798498444451,0.9971058903643174,0.8760081998169748,0.9679535408686595,0.94212669046282,0.92754644
2022-05-24,0.9875964080757373,0.9608798498444451,0.8437790451778616,0.8762428804403979,0.8925507871738625,0.890602
2022-05-25,0.5014984008663024,0.9875964080757373,0.7870097053991894,0.8420205738752691,0.907837493032004,0.8674834
2022-05-26,0.5475076840839237,0.5014984008663024,0.8220411238067785,0.7128316062240823,0.7541834423450877,0.6802161
2022-05-27,0.6668179068360557,0.5475076840839237,0.753603529892785,0.6485931011060757,0.70112618199787,0.7125878
2022-05-28,0.992612318529336,0.6668179068360557,0.7905444378140108,0.7573484981903753,0.6988339176946284,0.73921335
2022-05-29,0.9323405712050078,0.992612318529336,0.7697887672985201,0.8470807533653505,0.8637299760203849,0.8502707
2022-05-30,0.9360253041859041,0.9323405712050078,0.8166134691417591,0.878790356028491,0.8555977802880883,0.8200549
2022-05-31,0.9304834657518523,0.9360253041859041,0.8890131271916522,0.9346887578647397,0.8984774640936969,0.9229413
2022-06-01,0.9261659500964533,0.9304834657518523,0.7702187670319767,0.7860813812130865,0.8355783131300222,0.83518857
2022-06-02,0.8830407870152649,0.9261659500964533,0.8418950328900464,0.9015456189105036,0.8786673120152738,0.8946227
2022-06-03,0.8237323168603871,0.8830407870152649,0.9047053868194114,0.9204438458129808,0.9034442733419412,0.92156744
2022-06-04,0.8623281730491235,0.8237323168603871,0.9113626971202249,0.8803900884458234,0.8599780042875481,0.89632887
2022-06-05,0.8328917763902387,0.8623281730491235,0.86160387540659,0.8428479220216155,0.8530902580420413,0.8615413
2022-06-06,0.9325365684218652,0.8328917763902387,0.858134250281707,0.8471517272341785,0.837778774103295,0.84229547
2022-06-07,0.9742988057157678,0.9325365684218652,0.9274987886317592,0.955958051512487,0.9237072853624716,0.93258554
2022-06-08,0.9165893341367883,0.9742988057157678,0.9315274179778907,0.9494286611422146,0.9439671215362602,0.9471867
2022-06-09,0.9759238387568644,0.9165893341367883,0.8977998369178596,0.8920859443188758,0.8983312419640237,0.88519526
2022-06-10,0.9975832529642026,0.9759238387568644,0.8080286352747355,0.837911460987805,0.8926275065558623,0.8281127
2022-06-11,0.9935815001536343,0.9975832529642026,0.9335358368093131,1.0060414364993409,0.9644961759529617,0.935155
2022-06-12,0.9985526405762087,0.9935815001536343,0.9110413269974368,0.9340090968288095,0.9348458803285241,0.91053164
2022-06-13,0.9766911184917924,0.9985526405762087,0.931395249524484,0.9648687694420287,0.9683287620794131,0.92631376
2022-06-14,0.9937467430953624,0.9766911184917924,0.9374716964749135,0.9547975953793436,0.945545758298159,0.9240375
2022-06-15,0.9958097505283359,0.9937467430953624,0.8976811784293286,0.9192066682988727,0.9390399863480253,0.9055381
2022-06-16,0.9944682158814211,0.9958097505283359,0.8991286825611742,0.9366633575455653,0.945382103921726,0.9165647
2022-06-17,0.9963752614565506,0.9944682158814211,0.8820634079875822,0.9185312615371927,0.9346180018939397,0.9119718
2022-06-18,0.9976580520642094,0.9963752614565506,0.9239037116427963,0.9676285735769126,0.9572489237609246,0.94903654
2022-06-19,0.9938158750414116,0.9976580520642094,0.8822318646900814,0.910443272817092,0.946543786827598,0.92108977
2022-06-20,0.8253618628067968,0.9938158750414116,0.8815534053548189,0.9242348535039505,0.9327706428952958,0.92171896
2022-06-21,0.8322718456780417,0.8253618628067968,0.9580701320045993,0.9365765828649708,0.9011321462831626,0.9093076
2022-06-22,0.6401216358461878,0.8322718456780417,0.9131991583683504,0.8650806777886408,0.8633491714966335,0.8920317
2022-06-23,0.7637996448691253,0.6401216358461878,0.9406909339347685,0.8362374008387152,0.8818542540288126,0.8350154
2022-06-24,0.5690312938369364,0.7637996448691253,0.9161621322766048,0.8485003198133614,0.8622374051404637,0.87757134
2022-06-25,0.9829330916779943,0.5690312938369364,0.9575602487328061,0.8247809478708104,0.8711975311600162,0.8187328
2022-06-26,0.9501425939479595,0.9829330916779943,0.927819089299135,0.9375243300155367,0.9245359270997129,0.97342014
2022-06-27,0.9916248316395249,0.9501425939479595,0.9135857620333343,0.9221246154333488,0.8992453050260126,0.91044915
2022-06-28,0.9957936293458977,0.9916248316395249,0.9652645627000943,0.9951149014046791,0.9736449715964277,0.9954209
2022-06-29,0.9810590282031805,0.9957936293458977,0.9554465908934038,0.9671241132461278,0.9781544145010265,0.9934641
2022-06-30,0.7486156514777503,0.9810590282031805,0.9410257215083512,0.9508226082806421,0.956144792838945,0.9827805
2022-07-01,0.8489337700640145,0.7486156514777503,0.9521357838044404,0.8785379591562247,0.8874796493175472,0.89408904
2022-07-02,0.8569746103913889,0.8489337700640145,0.9492589862316752,0.9097836941671661,0.9068650304642353,0.93138105
2022-07-03,0.8577283213461799,0.8569746103913889,0.9381917232759635,0.9028924829098889,0.88945397290614,0.9174775
2022-07-04,0.9263623372071076,0.8577283213461799,0.9316348579514724,0.900857199875233,0.8815726670321417,0.90036
2022-07-05,0.8888437584619551,0.9263623372071076,0.9502101464514016,0.9481933806078252,0.9404095310564563,0.9301584
2022-07-06,0.8926940639269405,0.8888437584619551,0.9294099553331868,0.9059370016472215,0.9227800985901826,0.89682364
2022-07-07,0.9382483452738045,0.8926940639269405,0.9390520825270033,0.9250080684216601,0.9370336523727006,0.8996943
2022-07-08,0.9797315935285016,0.9382483452738045,0.909224405810248,0.9089169722470527,0.9100552847338768,0.8943073
2022-07-09,0.9969221335157252,0.9797315935285016,0.9289195226889406,0.9558888784887778,0.9407052993096893,0.92715716
2022-07-10,0.9986037419715162,0.9969221335157252,0.9028434014203554,0.9288547438955936,0.9467660690404883,0.9112825
2022-07-11,0.9924506733665949,0.9986037419715162,0.948258996189317,0.9848878106324326,0.976724924261096,0.94519395
2022-07-12,0.9829045994471699,0.9924506733665949,0.9337082549830833,0.9506117949448254,0.9540521137811738,0.93448365
2022-07-13,0.9801296160430422,0.9829045994471699,0.9465185924415668,0.9653364429450525,0.9549550548308144,0.94862306
2022-07-14,0.9966718358582848,0.9801296160430422,0.9537592235977772,0.9666156100689999,0.9565924619556574,0.95853686
2022-07-15,0.991966604373468,0.9966718358582848,0.9392373016699315,0.9556515928338161,0.9675234519401551,0.9569669
2022-07-16,0.9940523442556881,0.991966604373468,0.9370029331258068,0.9571721580191836,0.9562902347832477,0.95504737
2022-07-17,0.99580925930518,0.9940523442556881,0.9533731211960305,0.9751948094057651,0.9634526627559751,0.9715286
2022-07-18,0.9776563075789215,0.99580925930518,0.9356221989283531,0.9518542363202003,0.9607191080779044,0.96197164
2022-07-19,0.9719510228386409,0.9776563075789215,0.9692659230761971,0.9853441821674005,0.9670038112703464,0.9812997
2022-07-20,0.977264361610758,0.9719510228386409,0.9475967493188153,0.9486238135543196,0.9533339258304335,0.9644481
2022-07-21,0.9877813586418657,0.977264361610758,0.943471654640067,0.954819666346764,0.9520326578005982,0.96271086
2022-07-22,0.9822314260878457,0.9877813586418657,0.9124757875838765,0.9294244734027636,0.9341538531719029,0.94276565
2022-07-23,0.9652790170035945,0.9822314260878457,0.9406005401124707,0.96728242453787,0.9537067333094077,0.95784533
2022-07-24,0.9945841049186982,0.9652790170035945,0.9535551309652122,0.9629947731550887,0.9561027776838724,0.9592496
2022-07-25,0.9953372356826813,0.9945841049186982,0.9545341649433544,0.9702279549307736,0.9673957393870734,0.9713265
2022-07-26,0.9570647830682374,0.9953372356826813,0.9762466754042793,0.9918540562700735,0.9730536332700557,0.98877084
2022-07-27,0.9941017995396527,0.9570647830682374,0.9488594396825157,0.9415222688767235,0.9547681393091618,0.9553331
2022-07-28,0.9918799400208403,0.9941017995396527,0.9596642111084274,0.9769696425076648,0.970014339869976,0.9861151
2022-07-29,0.995992876224399,0.9918799400208403,0.9793836755499505,0.9917063547477344,0.9763559793258187,1.001569
2022-07-30,0.9956217051097127,0.995992876224399,0.965835938236264,0.9721890414734837,0.9746695272262325,0.9964284
2022-07-31,0.9042064100192881,0.9956217051097127,0.965978680861483,0.9773718872930178,0.9710365859796161,0.9948025
2022-08-01,0.966610291102911,0.9042064100192881,0.9210647772430053,0.8974365713136436,0.8982646073370681,0.92151725
2022-08-02,0.9859554758703124,0.966610291102911,0.9222201680184658,0.939641557356566,0.9397269755880229,0.9483671
2022-08-03,0.986256031934514,0.9859554758703124,0.9463696633163808,0.9707487408274187,0.9037460347269856,0.9739581
2022-08-04,0.9866615500655013,0.986256031934514,0.9593307986206788,0.9745875362900981,0.9634923309409482,0.9823389
2022-08-05,0.9800820906084742,0.9866615500655013,0.9718898443834698,0.9823439950005353,0.9661287456115453,0.98996246
2022-08-06,0.9966465546262009,0.9800820906084742,0.9620766125235061,0.9652101881261083,0.9592578276128567,0.9782946
2022-08-07,0.9817073954570581,0.9966465546262009,0.9552576179477028,0.9684807955941143,0.9736837127373749,0.97951835
2022-08-08,0.9884773236318439,0.9817073954570581,0.9285337989188454,0.9386509725512246,0.9363366390423573,0.9530721
2022-08-09,0.9928108799746732,0.9884773236318439,0.8906210329302228,0.9135497342186825,0.932794792392863,0.92758965
2022-08-10,0.9653841103086014,0.9928108799746732,0.8601975486350673,0.8992856818206605,0.9218704408189807,0.90710294
2022-08-11,0.9899369886203329,0.9653841103086014,0.9009062057278358,0.9411405974110064,0.9169071367420293,0.9257742
2022-08-12,0.9932267642224696,0.9899369886203329,0.925570276137536,0.9596250007503031,0.9475894782034403,0.9547788
2022-08-13,0.9863300164208222,0.9932267642224696,0.9443809877474826,0.9702599365239012,0.9646495102173683,0.9705997
2022-08-14,0.9174501664784311,0.9863300164208222,0.903424638220526,0.919470353790259,0.9346226187068724,0.937044
2022-08-15,0.7141312558318647,0.9174501664784311,0.9447269067964145,0.9500917422707726,0.9324276982161793,0.9387696
2022-08-16,0.5287539936102237,0.7141312558318647,0.9413963231264005,0.8531923206974685,0.8794007135482914,0.8568158
2022-08-17,0.6212955599237729,0.5287539936102237,0.9238480996700349,0.7660103222328516,0.8511064068282331,0.783491
2022-08-18,0.9974811083123425,0.6212955599237729,0.9017828797695797,0.7860550035540764,0.7281161125998616,0.8061921
2022-08-19,0.9790293748832742,0.9974811083123425,0.9386783388755421,0.9752833951613954,0.8885846189217683,0.978236
2022-08-20,0.9938486720523787,0.9790293748832742,0.9180375052945059,0.9334719805898924,0.8478148429212865,0.94535244
2022-08-21,0.9942207868620965,0.9938486720523787,0.9479324690820318,0.9769306236824391,0.8949365346610787,0.9838518
2022-08-22,0.996147307228255,0.9942207868620965,0.9278034142774003,0.9455089298707177,0.8774418803726689,0.97265124
2022-08-23,0.9926688032130724,0.996147307228255,0.9418828780388323,0.968024762652114,0.9781634420109564,0.9850424
2022-08-24,0.9941148226901707,0.9926688032130724,0.9212974301556656,0.9407233033180041,0.951427105032979,0.9692458
2022-08-25,0.9456775368504923,0.9941148226901707,0.9402420332064773,0.9680950540293608,0.9602103304831435,0.984413
2022-08-26,0.988091489422609,0.9456775368504923,0.9438144311380319,0.9458935387647965,0.9323903309860778,0.9666573
2022-08-27,0.9899703144364066,0.988091489422609,0.9404111514401305,0.9573473501071176,0.9609389284193482,0.97834826
2022-08-28,0.9893884892086332,0.9899703144364066,0.954365710163781,0.973322340590308,0.9648138998096791,0.9910271
2022-08-29,0.7519926908414983,0.9893884892086332,0.9431229205577342,0.9565193106241496,0.9615167917437372,0.9793093
2022-08-30,0.9892469761997659,0.7519926908414983,0.9116294074219748,0.8385211281651171,0.8573504652611811,0.8615596
2022-08-31,0.5426581155076274,0.9892469761997659,0.9218874516500324,0.9515765641565669,0.9484324061494332,0.93835735
2022-09-01,0.987076811066618,0.5426581155076274,0.9115837256564937,0.7665265871271585,0.8879586854114466,0.7863965
2022-09-02,0.8284645945314326,0.987076811066618,0.8588349567917255,0.8877114436683399,0.9008168313278933,0.8849919
2022-09-03,0.6102229626741342,0.8284645945314326,0.8720466416821224,0.8604298245592954,0.8299764856256517,0.85391295
2022-09-04,0.8201017211761932,0.6102229626741342,0.9234411216506765,0.8232922406003448,0.8271227612979882,0.80471337
2022-09-05,0.927352123858674,0.8201017211761932,0.9291907815807111,0.8896629383957719,0.8707968418802634,0.89091337
2022-09-06,0.6878289586845093,0.927352123858674,0.8655723066924998,0.8648690108172213,0.8585829932900435,0.88706934
2022-09-07,0.7011875412340707,0.6878289586845093,0.8296186385490377,0.7616309092321761,0.7772628913539166,0.7637451
2022-09-08,0.9861491277248292,0.7011875412340707,0.8099946870413155,0.7608691429465517,0.7475747123144696,0.7724894
2022-09-09,0.9968719053083296,0.9861491277248292,0.8623567030619412,0.929736667293376,0.8932377169500854,0.9229987
2022-09-10,0.9987158712202281,0.9968719053083296,0.8802819738677455,0.9317347188611571,0.9283299939558858,0.94527316
2022-09-11,0.9860372967703387,0.9987158712202281,0.8777761137836786,0.9230776783450684,0.9551653637535155,0.9611871
2022-09-12,0.7905670128874144,0.9860372967703387,0.7953096131673506,0.8367200630486558,0.8969908851727905,0.90245533
2022-09-13,0.939809673506347,0.7905670128874144,0.8414299290143572,0.8396158604278023,0.8340912740044222,0.8629442
2022-09-14,0.8795822676896846,0.939809673506347,0.8484704901515845,0.8861012398462662,0.8794607926243915,0.90306056
2022-09-15,0.8342114325068871,0.8795822676896846,0.8061995032101534,0.8180999154254768,0.8360094587041411,0.85813826
2022-09-16,0.7791413116970926,0.8342114325068871,0.8519920528277122,0.8627067574172971,0.8340149381559346,0.8612359
2022-09-17,0.966514028806927,0.7791413116970926,0.8510922751538366,0.8232264983243225,0.8324052239504083,0.82882416
2022-09-18,0.9450369302828319,0.966514028806927,0.8750496313827762,0.9191990357491834,0.9100193387349078,0.91055334
2022-09-19,0.9873979378443745,0.9450369302828319,0.8684298644084811,0.8952003601067019,0.9165242394856513,0.9084981
2022-09-20,0.7837390440676785,0.9873979378443745,0.804661086210987,0.8501669758251761,0.912261461053303,0.86986184
2022-09-21,0.6575998586072817,0.7837390440676785,0.8216750211838255,0.813672234278229,0.8145943358725696,0.79956824
2022-09-22,0.7245389921171171,0.6575998586072817,0.8417944721066954,0.7790348928262791,0.7837102046591842,0.77311784
2022-09-23,0.9098979213691338,0.7245389921171171,0.8906014790485423,0.8457506650867632,0.8137174776322724,0.8229363
2022-09-24,0.9807285342584563,0.9098979213691338,0.815754753107649,0.8231357398617177,0.8352491369542406,0.836041
2022-09-25,0.3656120527306968,0.9807285342584563,0.8690255012085919,0.9321288066372486,0.9124822820850775,0.91274756
2022-09-26,0.7390530085676409,0.3656120527306968,0.8195704587889477,0.6270122693930535,0.6927698092141413,0.707037
2022-09-27,0.8471487981955311,0.7390530085676409,0.861584279265879,0.8307859474448536,0.8374779574849075,0.81755114
2022-09-28,0.9593334484544983,0.8471487981955311,0.8264170618284056,0.8208954173304895,0.8134186870263151,0.82713956
2022-09-29,0.955821114882598,0.9593334484544983,0.8265332663545415,0.8773744562892775,0.8850460351476751,0.8870502
2022-09-30,0.6459412137242484,0.955821114882598,0.9062810345879497,0.9557342903536156,0.8969117131506219,0.9640939
2022-10-01,0.9441914425724229,0.6459412137242484,0.8433031057873638,0.7437218079798877,0.7750093123949738,0.79904777
2022-10-02,0.9960023154010347,0.9441914425724229,0.8706581385086273,0.9092484374393226,0.8837650265432189,0.92201734
2022-10-03,0.3938614612757705,0.9960023154010347,0.8356787193184867,0.8836235007435711,0.9280482115904257,0.936948
2022-10-04,0.728170533127498,0.3938614612757705,0.8353641973228304,0.6663668622103187,0.7235181334895245,0.74040526
2022-10-05,0.6021284454499284,0.728170533127498,0.8757975208354198,0.8347954022893734,0.8672549460638469,0.81363535
2022-10-06,0.6590287950674509,0.6021284454499284,0.8994340602666929,0.7947542552094138,0.7906718677364073,0.8120606
2022-10-07,0.6812106747667607,0.6590287950674509,0.903713964755354,0.8117577352823973,0.8249373234764106,0.82632685
2022-10-08,0.7742779267595726,0.6812106747667607,0.8648616607233848,0.7797530272842556,0.7704004389112279,0.80521005
2022-10-09,0.7464861825887644,0.7742779267595726,0.8714707823001409,0.8368220460505829,0.826054544448508,0.8467777
2022-10-10,0.867582063934778,0.7464861825887644,0.8484829182263365,0.8006756768910863,0.7972884638607665,0.8287301
2022-10-11,0.7883289124668434,0.867582063934778,0.835009116960402,0.8423146367627546,0.8350912400350603,0.8632672
2022-10-12,0.7665286610610781,0.7883289124668434,0.8785513710516544,0.8606959568089727,0.8340394945590885,0.878198
2022-10-13,0.8672320640592377,0.7665286610610781,0.8261835423020989,0.7833342893228077,0.784415385717907,0.8222977
2022-10-14,0.9865124477629676,0.8672320640592377,0.812315565056222,0.8280168321773759,0.8317810421212672,0.8457155
2022-10-15,0.9915268386342767,0.9865124477629676,0.8171068607811962,0.8837380491887359,0.8905305175882167,0.9046322
2022-10-16,0.9770688837177777,0.9915268386342767,0.8192666982409447,0.8859832216699685,0.9203245832998228,0.915683
2022-10-17,0.9547151973528716,0.9770688837177777,0.8433263352483318,0.9036864690707564,0.8879331834755693,0.92377377
2022-10-18,0.9714658039004225,0.9547151973528716,0.8656860201733377,0.9082928231313658,0.893569453296097,0.93019366
2022-10-19,0.9906611878968994,0.9714658039004225,0.8582853824592321,0.8987466845773282,0.8873870610945619,0.930277
2022-10-20,0.9602490210743984,0.9906611878968994,0.8285626525177989,0.879197067414682,0.9162898858258196,0.916547
2022-10-21,0.9307385181820356,0.9602490210743984,0.7815017926928882,0.8318724944968402,0.8448051761323695,0.86532986
2022-10-22,0.9966837574674255,0.9307385181820356,0.8664687985330416,0.9235526006015994,0.8875188439021129,0.90905964
2022-10-23,0.9895389213660938,0.9966837574674255,0.7777218852285414,0.8275297654122721,0.8958796200331629,0.86117715
2022-10-24,0.9333919736118746,0.9895389213660938,0.8263859463957157,0.9074070337051119,0.9221712030389537,0.8983669
2022-10-25,0.9497682630765836,0.9333919736118746,0.798532278910292,0.8394626253630767,0.8613232316022035,0.8507588
2022-10-26,0.897134025773313,0.9497682630765836,0.8358136481311234,0.8936621767523169,0.8719890849210353,0.8763662
2022-10-27,0.9937652417981871,0.897134025773313,0.8273474915622914,0.8508028460577941,0.8506548209919642,0.84471256
2022-10-28,0.996113575053724,0.9937652417981871,0.7711519360744827,0.8348075669791651,0.8856503504711921,0.8406385
2022-10-29,0.9326328217237307,0.996113575053724,0.8352289932793808,0.9212779576373078,0.903237671920174,0.88910604
2022-10-30,0.9253208868144691,0.9326328217237307,0.8264266642880532,0.8636841211600976,0.861217133061178,0.86611515
2022-10-31,0.9866784855008232,0.9253208868144691,0.7389071095783929,0.7767346497225404,0.8024610860150206,0.80150557
2022-11-01,0.8684293178768239,0.9866784855008232,0.7261651174589259,0.8209389215279437,0.8778507446092867,0.8224964
2022-11-02,0.9920710091196926,0.8684293178768239,0.8058312666124553,0.8602480425868618,0.8378071459690277,0.8444624
2022-11-03,0.9688934084272007,0.9920710091196926,0.7523843521691709,0.8236219953413633,0.8867795856248072,0.8602773
2022-11-04,0.5070396829535381,0.9688934084272007,0.8061488542755597,0.888964663004775,0.8820378407644534,0.8953359
2022-11-05,0.9170604569591269,0.5070396829535381,0.7140687769492493,0.5996580065663364,0.6641643796371111,0.7036912
2022-11-06,0.9898356767745212,0.9170604569591269,0.739635612544249,0.8172809565121488,0.8030837157511781,0.8071977
2022-11-07,0.9948915710923023,0.9898356767745212,0.7792968828463445,0.8749996724730168,0.847589445037132,0.87527806
2022-11-08,0.9311820616499501,0.9948915710923023,0.796906071267739,0.87937212960912,0.8958208273297569,0.9067744
2022-11-09,0.8940531257790211,0.9311820616499501,0.7161835572179637,0.7675448024638272,0.7726829736933477,0.8251565
2022-11-10,0.9257827599536143,0.8940531257790211,0.7803876358764559,0.8484236451930603,0.8007024698849116,0.8558261
2022-11-11,0.9076182749069748,0.9257827599536143,0.7507596654000382,0.8063740355046508,0.7604713655172581,0.83896846
2022-11-12,0.9955508884406001,0.9076182749069748,0.82731232378706,0.8873115350301016,0.8489165711748042,0.8898135
2022-11-13,0.9953383130690802,0.9955508884406001,0.7244906977968852,0.7888427994226969,0.8382406871915602,0.8441067
2022-11-14,0.9786125192231019,0.9953383130690802,0.7111401608721171,0.8147407431702272,0.8218290722459413,0.8421806
2022-11-15,0.9917777465974463,0.9786125192231019,0.6745863698683825,0.7768958993281958,0.7950270398025026,0.80845296
2022-11-16,0.39972543521439424,0.9917777465974463,0.7130550606168319,0.8343823659949706,0.8372623983288129,0.8407339
2022-11-17,0.8908380946912057,0.39972543521439424,0.739706216959826,0.619856050989863,0.6548424756633192,0.70209503
2022-11-18,0.5371249413970933,0.8908380946912057,0.700764641317634,0.758573348701092,0.7620273944369772,0.73866844
2022-11-19,0.6203935178377106,0.5371249413970933,0.8074384173123308,0.7448454046996167,0.7073299479407457,0.7492136
2022-11-20,0.7434204861808684,0.6203935178377106,0.8206179725984777,0.7490723528152362,0.7547585172908325,0.7647168
2022-11-21,0.903531907574107,0.7434204861808684,0.842658860240362,0.8131304313606125,0.7914274401786242,0.81518453
2022-11-22,0.779954571266326,0.903531907574107,0.7037313164013685,0.7270155647921049,0.7583222015355003,0.7712028
2022-11-23,0.7704142720306513,0.779954571266326,0.7486274844331046,0.7777832648180667,0.7555795910012337,0.77846646
2022-11-24,0.9838207276136329,0.7704142720306513,0.7133976361431384,0.7217311925572968,0.7176983155197474,0.74612856
2022-11-25,0.7938908026704875,0.9838207276136329,0.8003179747720603,0.9037561745695478,0.9074243855190878,0.90077734
2022-11-26,0.850351225584635,0.7938908026704875,0.7127622156618874,0.7103037898360445,0.7326415977715561,0.7725893
2022-11-27,0.9813243784611759,0.850351225584635,0.7420042729714323,0.7946327649428012,0.7537257805615486,0.80992115
2022-11-28,0.7993396918561996,0.9813243784611759,0.7931543035456478,0.8846954539429497,0.9002827184201333,0.91318405
2022-11-29,0.6244198722940352,0.7993396918561996,0.6778376876213302,0.6802036299246033,0.7233076814449405,0.76180184
2022-11-30,0.7433698538163396,0.6244198722940352,0.7096889675277416,0.6892563830745277,0.6722289545999942,0.70962393
2022-12-01,0.7676548191836101,0.7433698538163396,0.7207904112469812,0.7336735205492672,0.7347931527421887,0.72857875
2022-12-02,0.7129199861447869,0.7676548191836101,0.7287931740642523,0.7467190470552756,0.7108300469084942,0.75174606
2022-12-03,0.6521445685553269,0.7129199861447869,0.6636820577460972,0.6576104831090775,0.6525460677971572,0.6844842
2022-12-04,0.9959112519809826,0.6521445685553269,0.791068930955699,0.7866557830045134,0.7189748178968797,0.7668134
2022-12-05,0.7689967594735798,0.9959112519809826,0.8598968346454852,0.9382500581589669,0.9126327188318313,0.9365423
2022-12-06,0.609330349457738,0.7689967594735798,0.7864111112883756,0.7516413729272413,0.7906251602517094,0.83753324
2022-12-07,0.6990446970225228,0.609330349457738,0.8147624983678275,0.7470282116139638,0.717917833149321,0.781239
2022-12-08,0.7142154624328216,0.6990446970225228,0.7355926916796015,0.6913300475740496,0.690771430685974,0.7147522
2022-12-09,0.5561791650070609,0.7142154624328216,0.7265666097098432,0.7183897114356573,0.6849205278197007,0.7127366
2022-12-10,0.5554739162380602,0.5561791650070609,0.7137057017844233,0.6485316426746348,0.6526268059097631,0.66191834
2022-12-11,0.32033200858157773,0.5554739162380602,0.8011520602653018,0.7406276022441431,0.727057827497195,0.7150234
2022-12-12,0.8809903882077234,0.32033200858157773,0.7134737458521572,0.5295576449664979,0.6314387054910092,0.5991103
2022-12-13,0.8891441700172314,0.8809903882077234,0.7434778071986022,0.8075537698952638,0.7567428947301925,0.7374345
2022-12-14,0.6552254623773547,0.8891441700172314,0.7483942957657854,0.8041124160604447,0.7979326166295881,0.7702123
2022-12-15,0.8740270108442552,0.6552254623773547,0.7136834881306915,0.6780459382804679,0.6642658364536773,0.69108605
2022-12-16,0.7332648121746627,0.8740270108442552,0.7036673458456476,0.7649995540106009,0.7073563228830261,0.7623644
2022-12-17,0.7475728155339806,0.7332648121746627,0.6778439618706341,0.6891651423918401,0.6418839472917782,0.71351707
2022-12-18,0.9562380544388057,0.7475728155339806,0.6237011864051876,0.6503728254936193,0.6429880865110024,0.66482997
2022-12-19,0.9918709977106075,0.9562380544388057,0.7301309632294958,0.8573279966213174,0.8221111819900836,0.83297235
2022-12-20,0.9971470276008492,0.9918709977106075,0.6998748580566609,0.7999917446525399,0.8373998201093682,0.85103184
2022-12-21,0.8823888700373261,0.9971470276008492,0.6774316906587896,0.7911397985734546,0.8498703328843515,0.8438068
2022-12-22,0.8918341456900581,0.8823888700373261,0.7107048283864706,0.789101985800817,0.755826614341477,0.82329285
2022-12-23,0.9133044575560179,0.8918341456900581,0.7382547681988124,0.8075376478913375,0.8060385149377286,0.8325066
2022-12-24,0.9931223290598291,0.9133044575560179,0.7834035879160176,0.850360979179309,0.8291164609804236,0.87670213
2022-12-25,0.9978097417456684,0.9931223290598291,0.8089784626565302,0.8891969415214462,0.9215035623484178,0.93426853
2022-12-26,0.9803643323873013,0.9978097417456684,0.7721320675419726,0.8443609865600386,0.9102793366174674,0.9161594
2022-12-27,0.9952848722986248,0.9803643323873013,0.735800907895363,0.8154508020602056,0.853308033051876,0.88269365
2022-12-28,0.9943827650013216,0.9952848722986248,0.7194760438667145,0.8187299722507011,0.8535102237604333,0.87785345
2022-12-29,0.9131972244462238,0.9943827650013216,0.681815121034172,0.7869683318482577,0.845085218389983,0.8502315
2022-12-30,0.9912048071435766,0.9131972244462238,0.7824464534055464,0.8709512778720995,0.8147987355723758,0.89505637
2022-12-31,0.9980723852570706,0.9912048071435766,0.7941329806501498,0.8739841064764552,0.9223317339941615,0.9359336
2023-01-01,0.9882453939113782,0.9980723852570706,0.7885072847395976,0.8665151381577403,0.8971594880594239,0.9284881
2023-01-02,0.9322633475270227,0.9882453939113782,0.779034231262757,0.8554350679344184,0.9054208180023343,0.9172569
2023-01-03,0.9831248371123273,0.9322633475270227,0.7351192295638647,0.793730141290184,0.8427663269272448,0.85316217
2023-01-04,0.7322463768115942,0.9831248371123273,0.7647763932298179,0.8596397920801123,0.8870368088855797,0.8925524
2023-01-05,0.8795950812757535,0.7322463768115942,0.7916728653212459,0.7792299695633926,0.785403232176405,0.7954072
2023-01-06,0.981217178388479,0.8795950812757535,0.8396219464912227,0.8732526386450858,0.8625320413240505,0.89269525
2023-01-07,0.9960568802781917,0.981217178388479,0.8481135701636686,0.902274462296499,0.9074897956007075,0.9233441
2023-01-08,0.8645292750485529,0.9960568802781917,0.8570258986969822,0.9136149628449948,0.9482858477500752,0.95239884
2023-01-09,0.6629382522239666,0.8645292750485529,0.8203521889442715,0.8232222683372298,0.8379571764725962,0.87758386
2023-01-10,0.9308849941165542,0.6629382522239666,0.7766628010636417,0.7164511743536478,0.780981710644823,0.7645103
2023-01-11,0.993714954710703,0.9308849941165542,0.7288718225488736,0.7878625911680335,0.8251334915809578,0.81897813
2023-01-12,0.6463501282011677,0.993714954710703,0.7360609159202678,0.8373647530688669,0.8623505039606797,0.855174
2023-01-13,0.7347135141846174,0.6463501282011677,0.8294176346428889,0.7951028047457137,0.79404772782803,0.79464567
2023-01-14,0.9893404004711425,0.7347135141846174,0.8008978279674345,0.7646730230502965,0.7876280916440519,0.80106854
2023-01-15,0.9926584122359796,0.9893404004711425,0.7587563933380986,0.8308366301218639,0.8339918049953516,0.8663221
2023-01-16,0.8615974554858654,0.9926584122359796,0.7981480063513967,0.8876167112324461,0.90861718316124,0.9140373
2023-01-17,0.8406809122785986,0.8615974554858654,0.748624422952201,0.7728941580584864,0.7679801536817175,0.8297136
2023-01-18,0.6914749262536873,0.8406809122785986,0.7278535828692894,0.7630656554915645,0.7526397332734986,0.79814017
2023-01-19,0.7924892642015159,0.6914749262536873,0.6745084230281426,0.6605934029353433,0.669435467995854,0.6930818
2023-01-20,0.44845571095571096,0.7924892642015159,0.6105932812374867,0.6557215495196299,0.6610127856261501,0.66538906
2023-01-21,0.44409520816069953,0.44845571095571096,0.6538753021885442,0.5918568617577078,0.5995912908858168,0.5814979
2023-01-22,0.4982227142940388,0.44409520816069953,0.7254125674915014,0.645170620838231,0.6475286647684373,0.6174805
2023-01-23,0.6400203954450173,0.4982227142940388,0.6524798115340598,0.5655785439713928,0.5525863250590791,0.56885093
2023-01-24,0.5353404646882908,0.6400203954450173,0.693855521806225,0.6890897321550146,0.6059445849075187,0.6521544
2023-01-25,0.46309198093250215,0.5353404646882908,0.7556186793137193,0.6949858684841603,0.6200350031018204,0.67334795
2023-01-26,0.5575053153791637,0.46309198093250215,0.6614346232240127,0.5495416820231791,0.5275797052436834,0.5742563
2023-01-27,0.5805753254133629,0.5575053153791637,0.6779447413907663,0.6381912556539796,0.6137716890143946,0.6182311
2023-01-28,0.5946565510465845,0.5805753254133629,0.6144705799707523,0.5772262860413109,0.5250627432584422,0.5779808
2023-01-29,0.4560459176667674,0.5946565510465845,0.6272901383531032,0.6197111721061513,0.570929473327889,0.5957862
2023-01-30,0.7406855835970535,0.4560459176667674,0.6959645365493149,0.6304627562937967,0.5906321724504596,0.6122872
2023-01-31,0.9964191575073357,0.7406855835970535,0.7264662039776638,0.7435722305914507,0.6811620552998623,0.7328072
2023-02-01,0.978912460128601,0.9964191575073357,0.729631393057883,0.8328897627159,0.8260344255090496,0.8442533
2023-02-02,0.8956759079077055,0.978912460128601,0.7237826886886247,0.819133957255145,0.8069511962174742,0.8588993
2023-02-03,0.3952515715394826,0.8956759079077055,0.6916167659524725,0.7573667914282243,0.7354449834597877,0.8126222
2023-02-04,0.831129779008162,0.3952515715394826,0.6564079931948776,0.5430468078537329,0.5608432300507248,0.60609007
2023-02-05,0.7327979649350326,0.831129779008162,0.7314456613582329,0.7982776278580325,0.737828211383962,0.7513461
2023-02-06,0.6014302858122506,0.7327979649350326,0.7099986688994971,0.7105159318551243,0.6781853653977802,0.75095
2023-02-07,0.9290745210067478,0.6014302858122506,0.7091170029214362,0.6675890474483952,0.6820757949128222,0.7022528
2023-02-08,0.5645054159002657,0.9290745210067478,0.6816967430994936,0.7658316059137158,0.7420852986360416,0.7729692
2023-02-09,0.5994017378092208,0.5645054159002657,0.6673380192593386,0.6225117440642371,0.6069577674321854,0.6475796
2023-02-10,0.7919970665077691,0.5994017378092208,0.7690155739388601,0.7430296027855706,0.7053120477276688,0.7137879
2023-02-11,0.9268715914724838,0.7919970665077691,0.7232253606864241,0.7320158977927815,0.701423229226593,0.7469551
2023-02-12,0.9241611201952973,0.9268715914724838,0.7480718983904228,0.8259676113397441,0.7789932841590897,0.8291198
2023-02-13,0.9963587498374442,0.9241611201952973,0.7611016860656349,0.8284567037462314,0.7938884275886086,0.85398686
2023-02-14,0.9623517276946879,0.9963587498374442,0.7582163620799698,0.8482033784766586,0.868779542978295,0.8878567
2023-02-15,0.6329230364886766,0.9623517276946879,0.7490821339610527,0.8271649434554935,0.8493540476544349,0.873393
2023-02-16,0.9548694665153235,0.6329230364886766,0.8161725029875283,0.7717410608820954,0.7391078328007279,0.78828835
2023-02-17,0.7777061425935395,0.9548694665153235,0.7421787428753442,0.7952310327026656,0.8276225748895262,0.8498559
2023-02-18,0.982130449887094,0.7777061425935395,0.6807907907563899,0.6943802007818162,0.7053835670507587,0.7083992
2023-02-19,0.9800847272568459,0.982130449887094,0.7169517680541684,0.8322157113016683,0.8237269596740944,0.8350678
2023-02-20,0.9918766650652925,0.9800847272568459,0.7056072128581189,0.8062569002028862,0.8071135775783164,0.82436633
2023-02-21,0.9713592339141651,0.9918766650652925,0.5935937181114067,0.7030932310128549,0.8189630370419282,0.7542572
2023-02-22,0.7905797101449276,0.9713592339141651,0.6163537282983766,0.760850948146446,0.7852289635961015,0.7700593
2023-02-23,0.9607029533805223,0.7905797101449276,0.7747298765261851,0.841372195501831,0.7894546917363494,0.81938916
2023-02-24,0.6344271994902372,0.9607029533805223,0.7975269997819394,0.8686626419935858,0.8729391080545587,0.9022714
2023-02-25,0.6338835866136895,0.6344271994902372,0.7488155810253817,0.6864290827505325,0.7330714677006013,0.7224291
2023-02-26,0.6736934738694773,0.6338835866136895,0.7561974721162943,0.712235403136037,0.7497987978639449,0.7255655
2023-02-27,0.41833373025323484,0.6736934738694773,0.7029886017657121,0.6714304052805685,0.642018546777212,0.6823426
2023-02-28,0.5967473554930471,0.41833373025323484,0.7875502956238006,0.6786683680016975,0.631933122584661,0.64168525
2023-03-01,0.5476162835693831,0.5967473554930471,0.6478132000037523,0.5748301106681794,0.6100636374128915,0.5985394
2023-03-02,0.79269212179797,0.5476162835693831,0.7249506822228015,0.6866248550721964,0.6154355842546378,0.6058314
2023-03-03,0.6821161973221692,0.79269212179797,0.7987435197092602,0.8246549628602243,0.7846065219086079,0.7658621
2023-03-04,0.8478872703761458,0.6821161973221692,0.6943318438181418,0.6497213033153972,0.6529746213041592,0.61755747
2023-03-05,0.9658011737506669,0.8478872703761458,0.6986006003379932,0.7573363274015538,0.7035602746108229,0.72273296
2023-03-06,0.6422398959966352,0.9658011737506669,0.6668238865215731,0.7690294568682866,0.7921032370051767,0.7509202
2023-03-07,0.4578768275810492,0.6422398959966352,0.7092616852740334,0.6998581845969638,0.657787246186969,0.6739784
2023-03-08,0.9771598448319616,0.4578768275810492,0.6599683532542401,0.5638123741375418,0.5699486130421147,0.59670985
2023-03-09,0.9178208001175563,0.9771598448319616,0.7886435481026962,0.9099708974110272,0.8093033651737316,0.8868618
2023-03-10,0.8945780994961323,0.9178208001175563,0.7744892828714524,0.8239002349116238,0.7938777836000332,0.8785898
2023-03-11,0.949604433137002,0.8945780994961323,0.7695919559464381,0.8155265354970266,0.7985869966845242,0.84906346
2023-03-12,0.9620366627414451,0.949604433137002,0.7095601750486373,0.7784158577509772,0.8125919453752313,0.8087497
2023-03-13,0.9717073004049136,0.9620366627414451,0.7551152583564269,0.8516887914675443,0.8318365304813639,0.84690714
2023-03-14,0.9633163626555177,0.9717073004049136,0.7529134009091042,0.8357609521227609,0.8530697182909421,0.8401998
2023-03-15,0.9933969427845092,0.9633163626555177,0.813244771148327,0.8937249678532865,0.884513972914454,0.877919
2023-03-16,0.9991019381806902,0.9933969427845092,0.8100940578783373,0.8790031744124476,0.9212414813891384,0.88268906
2023-03-17,0.9874305855751007,0.9991019381806902,0.7805007885517224,0.852797258426772,0.9295544585611792,0.8657912
2023-03-18,0.3785809805435744,0.9874305855751007,0.8215964752733018,0.9007481689107261,0.9116266989932517,0.90004075
2023-03-19,0.5618951981011503,0.3785809805435744,0.8650336754136002,0.6955780087097966,0.7318932913599345,0.7153866
2023-03-20,0.7762945117322861,0.5618951981011503,0.7761952074895089,0.6602432071923281,0.6916907956806922,0.69359
2023-03-21,0.9332011830595935,0.7762945117322861,0.6894265219438269,0.6894645063187902,0.6793689163803449,0.70487195
2023-03-22,0.9976057213930347,0.9332011830595935,0.7326318970122093,0.8258769374595363,0.7957466511279265,0.7856965
2023-03-23,0.9980942216801342,0.9976057213930347,0.7199487061331307,0.8213025337163002,0.8688717463072416,0.80837756
2023-03-24,0.9864981327204827,0.9980942216801342,0.6920083398511696,0.7984004059039507,0.8613431353104787,0.8016461
2023-03-25,0.9994044801417032,0.9864981327204827,0.7838444819239861,0.8964883166922916,0.9123228097329239,0.8840533
2023-03-26,0.9631378245868895,0.9994044801417032,0.8148752168574542,0.8973280060876339,0.9292473649578227,0.9212001
2023-03-27,0.9956397511830709,0.9631378245868895,0.7977780957713676,0.8544892928715129,0.875994503100953,0.89673525
2023-03-28,0.9976668357365409,0.9956397511830709,0.7571129633602868,0.8327960469810154,0.8953860468820906,0.8834972
2023-03-29,0.9954333221117959,0.9976668357365409,0.7542609743542743,0.846274046823824,0.8814515701894531,0.8853651
2023-03-30,0.9162320050073023,0.9954333221117959,0.6949074563776696,0.787157098807682,0.85437396356448,0.8411909
2023-03-31,0.9327388535031846,0.9162320050073023,0.82351221543008,0.9081699743394687,0.847919033994441,0.91026187
2023-04-01,0.8614255408104801,0.9327388535031846,0.8333972778954585,0.8751770192288512,0.9338149011270998,0.9198631
2023-04-02,0.81543310259473,0.8614255408104801,0.7680172588980976,0.7787382111792635,0.7992041372852488,0.82664496
2023-04-03,0.8551734021209515,0.81543310259473,0.7298013847549909,0.7479381847123786,0.7492741427158716,0.7674198
2023-04-04,0.8583853733489336,0.8551734021209515,0.7517793061553807,0.7997347367023658,0.7608838822699059,0.79709244
2023-04-05,0.9885866463762603,0.8583853733489336,0.785034360908628,0.8258117206304928,0.806944549828333,0.8247754
2023-04-06,0.9598191457867965,0.9885866463762603,0.7981150130804303,0.8759747914704479,0.9256991510122065,0.8953556
2023-04-07,0.9841582793326898,0.9598191457867965,0.7274163169035641,0.7892689652702645,0.8325664996683059,0.8283051
2023-04-08,0.9933032979896282,0.9841582793326898,0.748435082433341,0.8466401811981428,0.8578029609271527,0.8696866
2023-04-09,0.9937747672393696,0.9933032979896282,0.791979430878085,0.8856427614281281,0.8799570098125499,0.91700506
2023-04-10,0.9875679542203147,0.9937747672393696,0.8134854399272954,0.8906731764006698,0.8845722980960509,0.93555534
2023-04-11,0.9833450654652964,0.9875679542203147,0.688316137165147,0.7549035790761681,0.8070479929911277,0.8319739
2023-04-12,0.999318633997438,0.9833450654652964,0.715591925828448,0.8284419826250184,0.8054439913025304,0.85109425
2023-04-13,0.6132135452660677,0.999318633997438,0.7398205748803074,0.8483474753305582,0.8437411892778748,0.8777417
2023-04-14,0.9227370645298499,0.6132135452660677,0.8026138237580458,0.7541859947816397,0.6887507194398268,0.75515366
2023-04-15,0.9426507725310234,0.9227370645298499,0.7269893673476331,0.7729371143085515,0.8008022202212615,0.80668527
2023-04-16,0.8778861702409672,0.9426507725310234,0.7761494731078836,0.858641051015166,0.8236142425344954,0.85638374
2023-04-17,0.9909383491175772,0.8778861702409672,0.7782070739257692,0.8171218749790533,0.8298349697325719,0.81969976
2023-04-18,0.9927915692701463,0.9909383491175772,0.8102122233147799,0.8915830116849935,0.8986170531739702,0.89657056
2023-04-19,0.7816068779792334,0.9927915692701463,0.771039826039608,0.8408773490230562,0.8456749313159349,0.87058353
2023-04-20,0.8087537009105636,0.7816068779792334,0.7567775644542143,0.7608195152501236,0.7200620004494067,0.7656601
2023-04-21,0.9989105764866092,0.8087537009105636,0.7715952498487565,0.7914763848444339,0.7209861485030122,0.79209274
2023-04-22,0.9024963413261285,0.9989105764866092,0.7713094322227373,0.8582586940107707,0.8203790664920574,0.8824817
2023-04-23,0.9470860018907367,0.9024963413261285,0.853157413024639,0.9033370690623779,0.836639749464846,0.9024817
2023-04-24,0.984761045987376,0.9470860018907367,0.8054436751525275,0.8413718353144253,0.8336374178625504,0.8925034
2023-04-25,0.9230241794636272,0.984761045987376,0.6637354232155709,0.7323252242222612,0.7714962826442853,0.7910006
2023-04-26,0.9975888390324411,0.9230241794636272,0.7819987489006208,0.8811780091782322,0.7958224491942992,0.86090225
2023-04-27,0.980959151032014,0.9975888390324411,0.8248951275071146,0.907359427046589,0.9109203715526927,0.9335116
2023-04-28,0.9712352169940007,0.980959151032014,0.8266268301243276,0.8863221082116638,0.8732734363054293,0.9221395
2023-04-29,0.5412970261554998,0.9712352169940007,0.795405354788983,0.8507187939338412,0.830134356461433,0.8864181
2023-04-30,0.9093405867906093,0.5412970261554998,0.8295941199050356,0.732396399383215,0.7615108471093921,0.7299794
2023-05-01,0.847545417432129,0.9093405867906093,0.7416829920656558,0.7721864188625265,0.7766402146026615,0.7882117
2023-05-02,0.9770599533709426,0.847545417432129,0.781109829950997,0.8216027429140108,0.7672206025285154,0.8051938
2023-05-03,0.9190217521357296,0.9770599533709426,0.7483931912715766,0.8233451042403925,0.807420423699856,0.8319958
2023-05-04,0.9636629694301666,0.9190217521357296,0.7132731839848876,0.778539471245529,0.7434294758196014,0.77656436
2023-05-05,0.9805174108210045,0.9636629694301666,0.7190925931732706,0.8148679521239491,0.7897988979674107,0.8102644
2023-05-06,0.793679728172896,0.9805174108210045,0.797252786230295,0.8972491007936114,0.8400302942549085,0.8784504
2023-05-07,0.3247182789404361,0.793679728172896,0.8045750319234094,0.8032083191504006,0.7762698167300653,0.8039664
2023-05-08,0.9350374592428504,0.3247182789404361,0.8422278119735709,0.6586801777115683,0.7452781167477969,0.67003286
2023-05-09,0.9266678499885894,0.9350374592428504,0.9374924689592893,0.972992628302825,0.9445311993261252,0.96304095
2023-05-10,0.9785005651136507,0.9266678499885894,0.887726890963762,0.8835864194761595,0.8879878569060891,0.91635853
2023-05-11,0.7911159045875242,0.9785005651136507,0.8562323006033672,0.8909536899344728,0.8777058735849775,0.9142308
2023-05-12,0.856893986597322,0.7911159045875242,0.8214048564315342,0.7964975057147261,0.8119558494140791,0.8022434
2023-05-13,0.3088450908902181,0.856893986597322,0.7960068590038365,0.8095816307319688,0.8075858116769361,0.8175533
2023-05-14,0.5571885300750948,0.3088450908902181,0.7975924631025276,0.6112506236175226,0.6669240205398471,0.61357355
2023-05-15,0.7415765031371969,0.5571885300750948,0.8243094435475454,0.7323537236370414,0.7616824792855521,0.72937936
2023-05-16,0.91656282770958,0.7415765031371969,0.8593060805571712,0.8276603125369022,0.8212589269943608,0.8468897
2023-05-17,0.6394922171724324,0.91656282770958,0.7798658301329867,0.801766825419668,0.8072322099476897,0.8354678
2023-05-18,0.6887594141416853,0.6394922171724324,0.8012496482834752,0.7475560315706685,0.7306759666785643,0.7157892
2023-05-19,0.40061575720100995,0.6887594141416853,0.7079405461957857,0.6649124628647652,0.6827720096765961,0.66029835
2023-05-20,0.5296844947713001,0.40061575720100995,0.7867952038666219,0.6692419181841721,0.6533882041735648,0.6389977
2023-05-21,0.9557283950617284,0.5296844947713001,0.7610491547830602,0.6627030085539859,0.6457251006912322,0.67328125
2023-05-22,0.8584443179135361,0.9557283950617284,0.7567290912496301,0.8311948849910832,0.8232038154352015,0.8545661
2023-05-23,0.6615751789976133,0.8584443179135361,0.8760081998169748,0.9149147883072398,0.8224321166121704,0.86626434
2023-05-24,0.5681927642575856,0.6615751789976133,0.8437790451778616,0.7617573305007628,0.7737401736528116,0.7587569
2023-05-25,0.6074049910291959,0.5681927642575856,0.7870097053991894,0.6815965595311032,0.70174545488343,0.68386054
2023-05-26,0.9647584423564352,0.6074049910291959,0.8220411238067785,0.7533414124450324,0.7206102619042021,0.7427349
2023-05-27,0.676107964011996,0.9647584423564352,0.753603529892785,0.8081936258436397,0.8189494628448257,0.8232932
2023-05-28,0.49252469034757457,0.676107964011996,0.7905444378140108,0.7609019920324492,0.7026574498020538,0.7281326
2023-05-29,0.7603371216958242,0.49252469034757457,0.7697887672985201,0.6557947070487006,0.6773824705654025,0.6414614
2023-05-30,0.7006879543094497,0.7603371216958242,0.8166134691417591,0.8129981669094297,0.7691555247774093,0.7706057
2023-05-31,0.553732833957553,0.7006879543094497,0.8890131271916522,0.8446710316270826,0.7983796798923201,0.8179407
2023-06-01,0.9538576522048103,0.553732833957553,0.7702187670319767,0.6419723596296971,0.7035525405974412,0.65813684
2023-06-02,0.6340356157511913,0.9538576522048103,0.8418950328900464,0.9121378349814054,0.8515950365750747,0.8648259
2023-06-03,0.2887980137286403,0.6340356157511913,0.9047053868194114,0.825198108787483,0.840464224874647,0.7878621
2023-06-04,0.972247383252818,0.2887980137286403,0.9113626971202249,0.6757750127694601,0.790957699630346,0.68441516
2023-06-05,0.9361966860082551,0.972247383252818,0.86160387540659,0.8848925756967337,0.8821727481062248,0.89807963
2023-06-06,0.985979923914718,0.9361966860082551,0.858134250281707,0.886666377492127,0.8977076817562382,0.879696
2023-06-07,0.4496924372750708,0.985979923914718,0.9274987886317592,0.9764004052081625,0.9142307037726483,0.9392935
2023-06-08,0.793805392046134,0.4496924372750708,0.9315274179778907,0.7487640727051585,0.7942861842995036,0.73321855
2023-06-09,0.690099506970637,0.793805392046134,0.8977998369178596,0.8451204656504908,0.8682916356538146,0.8576271
2023-06-10,0.9854387203011055,0.690099506970637,0.8080286352747355,0.7285822088979813,0.7689516258594227,0.757147
2023-06-11,0.9470622733420305,0.9854387203011055,0.9335358368093131,1.0013960913506645,0.9323600725777009,0.9799881
2023-06-12,0.9197657877356095,0.9470622733420305,0.9110413269974368,0.9162152573634089,0.8884817936552319,0.9252399
2023-06-13,0.7276412167974351,0.9197657877356095,0.931395249524484,0.9347323998693499,0.9050839181359912,0.9218273
2023-06-14,0.9336917994840016,0.7276412167974351,0.9374716964749135,0.8595347487380969,0.8669735598457806,0.8472841
2023-06-15,0.9903526598924088,0.9336917994840016,0.8976811784293286,0.8962353487184346,0.8910021791525092,0.91527826
2023-06-16,0.9973252935724928,0.9903526598924088,0.8991286825611742,0.9345759927852463,0.9365016751342801,0.9410277
2023-06-17,0.9976416746444998,0.9973252935724928,0.8820634079875822,0.9196241081999499,0.9328332197112146,0.91821444
2023-06-18,0.8926073308781731,0.9976416746444998,0.9239037116427963,0.9681129830245264,0.9715949152395112,0.94899184
2023-06-19,0.8075257984588995,0.8926073308781731,0.8822318646900814,0.8702608408072243,0.8806494217284703,0.8670823
2023-06-20,0.7660207904334234,0.8075257984588995,0.8815534053548189,0.8529779572934669,0.8498707366259465,0.84230053
2023-06-21,0.9648037009252313,0.7660207904334234,0.9580701320045993,0.9138783226425302,0.9033363436929588,0.8917748
2023-06-22,0.9720923253894822,0.9648037009252313,0.9131991583683504,0.9157747825266833,0.9234946186855008,0.94279146
2023-06-23,0.9341853828018365,0.9720923253894822,0.9406909339347685,0.9632178680952831,0.9469986269552063,0.9516449
2023-06-24,0.9916463210302072,0.9341853828018365,0.9161621322766048,0.9136737260749679,0.9137325595600937,0.92126274
2023-06-25,0.9884045275363655,0.9916463210302072,0.9575602487328061,0.9864333325933177,0.9582257797706042,0.9822492
2023-06-26,0.9980636489965145,0.9884045275363655,0.927819089299135,0.9396171818959727,0.9547941413474711,0.9578768
2023-06-27,0.9981637985828292,0.9980636489965145,0.9135857620333343,0.9404546612872904,0.9615208462705878,0.9554468
2023-06-28,0.9773306290039327,0.9981637985828292,0.9652645627000943,0.99761608932274,0.9769192468454986,0.9920678
2023-06-29,0.9776371413562799,0.9773306290039327,0.9554465908934038,0.9600619222629231,0.9491078150545764,0.977625
2023-06-30,0.982294982949326,0.9776371413562799,0.9410257215083512,0.949513719259999,0.9518857451041207,0.96890795
2023-07-01,0.988610620129951,0.982294982949326,0.9521357838044404,0.9679214849707629,0.9560684472220619,0.9774462
2023-07-02,0.9990230370281027,0.988610620129951,0.9492589862316752,0.9632107955498171,0.9651508839703716,0.98171103
2023-07-03,0.9969313159796684,0.9990230370281027,0.9381917232759635,0.9572267243219996,0.9741449059432903,0.9761275
2023-07-04,0.9938299437575643,0.9969313159796684,0.9316348579514724,0.9541030491590705,0.9584650612908603,0.9637229
2023-07-05,0.9846077697563803,0.9938299437575643,0.9502101464514016,0.9740000812422859,0.9336203414871944,0.9787703
2023-07-06,0.6489357474933443,0.9846077697563803,0.9294099553331868,0.9425672201681956,0.9429732046824351,0.96047
2023-07-07,0.7377329237129977,0.6489357474933443,0.9390520825270033,0.8317692798979051,0.8933418560962664,0.8319657
2023-07-08,0.9178451452102298,0.7377329237129977,0.909224405810248,0.8322188096563511,0.8633929064519372,0.84970945
2023-07-09,0.9074059601958946,0.9178451452102298,0.9289195226889406,0.9322169990975138,0.9207104331481332,0.9339006
2023-07-10,0.9350070630538077,0.9074059601958946,0.9028434014203554,0.8946143549901461,0.9010798496412559,0.8974685
2023-07-11,0.790904229650594,0.9350070630538077,0.948258996189317,0.9605617593896364,0.9395516978824207,0.95122343
2023-07-12,0.9200138688856884,0.790904229650594,0.9337082549830833,0.8735192611667201,0.893501941582802,0.88269395
2023-07-13,0.9782988829731705,0.9200138688856884,0.9465185924415668,0.9412804205179208,0.9124186769013486,0.9550917
2023-07-14,0.9854188626210912,0.9782988829731705,0.9537592235977772,0.9659153454132432,0.9615712469760194,0.9805757
2023-07-15,0.9098160925436685,0.9854188626210912,0.9392373016699315,0.9513472736734399,0.9549566494983026,0.9759026
2023-07-16,0.9241293532338308,0.9098160925436685,0.9370029331258068,0.925749171875843,0.9306637395338248,0.9467971
2023-07-17,0.994276775627258,0.9241293532338308,0.9533731211960305,0.9484489117961079,0.9448649473046169,0.9664831
2023-07-18,0.9932617261023414,0.994276775627258,0.9356221989283531,0.9512680535648693,0.9568371610238531,0.9815117
2023-07-19,0.9784494751486025,0.9932617261023414,0.9692659230761971,0.9913133336565404,0.9740693129340776,1.0005416
2023-07-20,0.9948226666494518,0.9784494751486025,0.9475967493188153,0.9511095044202773,0.9520274645698399,0.9688436
2023-07-21,0.9436503140026803,0.9948226666494518,0.943471654640067,0.9615358068021578,0.962152573089455,0.9629388
2023-07-22,0.8820730469625275,0.9436503140026803,0.9124757875838765,0.9125441256934114,0.9081706751036641,0.91324925
2023-07-23,0.992262278608215,0.8820730469625275,0.9406005401124707,0.9289713381028287,0.9202208360491432,0.90529335
2023-07-24,0.8126319939177202,0.992262278608215,0.9535551309652122,0.973316007151303,0.9654433780370122,0.96173537
2023-07-25,0.8763975966562173,0.8126319939177202,0.9545341649433544,0.900630352488797,0.8940871412121163,0.8910986
2023-07-26,0.9942659529833572,0.8763975966562173,0.9762466754042793,0.9463590429612608,0.9350713033584449,0.9338591
2023-07-27,0.9264224343007472,0.9942659529833572,0.9488594396825157,0.9557519044653703,0.9614886608926033,0.9665124
2023-07-28,0.6791003213138165,0.9264224343007472,0.9596642111084274,0.9510819431041808,0.9467098560222889,0.943689
2023-07-29,0.8325806173230158,0.6791003213138165,0.9793836755499505,0.8720665691197045,0.9019438904905633,0.86111736
2023-07-30,0.8406416966152417,0.8325806173230158,0.965835938236264,0.9096830262005821,0.916324061982444,0.92403466
2023-07-31,0.9949672106146104,0.8406416966152417,0.965978680861483,0.9180912504358043,0.9152336648373224,0.9212326
2023-08-01,0.9968590248989038,0.9949672106146104,0.9210647772430053,0.9321530364450363,0.9448504874525612,0.9584832
2023-08-02,0.9991186765039156,0.9968590248989038,0.9222201680184658,0.9512118509768218,0.9573321887942912,0.9581872
2023-08-03,0.9984405798547866,0.9991186765039156,0.9463696633163808,0.9757837316253907,0.9745210132496072,0.9870406
2023-08-04,0.669832594911522,0.9984405798547866,0.9593307986206788,0.9792481874769688,0.9739739134580697,1.0015978
2023-08-05,0.9914417216071651,0.669832594911522,0.9718898443834698,0.861155317707338,0.8831942364738744,0.88287103
2023-08-06,0.9953725587759671,0.9914417216071651,0.9620766125235061,0.969555304419539,0.9784892176447217,0.98875624
2023-08-07,0.9990474618032182,0.9953725587759671,0.9552576179477028,0.9679934857398371,0.9686490603363846,0.99584115
2023-08-08,0.997805355976486,0.9990474618032182,0.9285337989188454,0.9452836356032684,0.965596578956395,0.9744716
2023-08-09,0.9973334030482863,0.997805355976486,0.8906210329302228,0.9171177537547944,0.9565352543059495,0.94120485
2023-08-10,0.9800855709229435,0.9973334030482863,0.8601975486350673,0.901015569763045,0.9267561245026256,0.91371715
2023-08-11,0.9942721411605023,0.9800855709229435,0.9009062057278358,0.9467639804293428,0.925636642094359,0.931316
2023-08-12,0.9979892673882673,0.9942721411605023,0.925570276137536,0.9612832185162647,0.9519734862402938,0.9518757
2023-08-13,0.9987530362268955,0.9979892673882673,0.9443809877474826,0.9720816180649308,0.9730570747599916,0.9665878
2023-08-14,0.9920733379474255,0.9987530362268955,0.903424638220526,0.9242222216792072,0.9475081908877533,0.934752
2023-08-15,0.9901407693960886,0.9920733379474255,0.9447269067964145,0.9786354826664562,0.9580707363206984,0.9607376
2023-08-16,0.8991431007730266,0.9901407693960886,0.9413963231264005,0.9587673551918086,0.9608398087104766,0.95669496
2023-08-17,0.9770600706713781,0.8991431007730266,0.9238480996700349,0.9076860284796283,0.910894654817486,0.90578663
2023-08-18,0.9981841546541513,0.9770600706713781,0.9017828797695797,0.9221367277273292,0.923134055485558,0.927493
2023-08-19,0.9971191549521193,0.9981841546541513,0.9386783388755421,0.9755523139418719,0.9692775405579105,0.96250033
2023-08-20,0.9976534840958367,0.9971191549521193,0.9180375052945059,0.9403914129315568,0.9455699568552416,0.9486139
2023-08-21,0.9985680522730432,0.9976534840958367,0.9479324690820318,0.9783859835269072,0.9723448038428881,0.97425663
2023-08-22,0.9861633812275277,0.9985680522730432,0.9278034142774003,0.9471717808709965,0.9605586592166263,0.96176785
2023-08-23,0.9865513384957317,0.9861633812275277,0.9418828780388323,0.9642058604762278,0.9492680473637477,0.9698547
2023-08-24,0.9981540010628479,0.9865513384957317,0.9212974301556656,0.9383833421325688,0.942426962050369,0.955732
2023-08-25,0.987440735094614,0.9981540010628479,0.9402420332064773,0.9696400601797556,0.9723389453596208,0.9761384
2023-08-26,0.9961070968464684,0.987440735094614,0.9438144311380319,0.9618681732557601,0.949094070168074,0.97646457
2023-08-27,0.5004693073024216,0.9961070968464684,0.9404111514401305,0.9604133604751628,0.9669950592071871,0.9792029
2023-08-28,0.91044444135515,0.5004693073024216,0.954365710163781,0.78608573035238,0.8678628582803679,0.80214584
2023-08-29,0.9852927000564605,0.91044444135515,0.9431229205577342,0.9263228131642351,0.9410215712475782,0.9463306
2023-08-30,0.9888056537102473,0.9852927000564605,0.9116294074219748,0.927759561298576,0.8970721008147351,0.9516121
2023-08-31,0.9912433820453267,0.9888056537102473,0.9218874516500324,0.9514077560729165,0.9497394145093383,0.96144104
2023-09-01,0.8591938155715075,0.9912433820453267,0.9115837256564937,0.9381127197093253,0.9393680975905189,0.958416
2023-09-02,0.4216359289617487,0.8591938155715075,0.8588349567917255,0.8387955512909772,0.8351570269752964,0.86557996
2023-09-03,0.731371442677293,0.4216359289617487,0.8720466416821224,0.7048158029766243,0.7115086415011107,0.74294376
2023-09-04,0.9105858170606373,0.731371442677293,0.9234411216506765,0.8696321467510588,0.854604673471358,0.8559599
2023-09-05,0.9659065407654196,0.9105858170606373,0.9291907815807111,0.9242735625761828,0.8839544938278853,0.9387865
2023-09-06,0.9169841837607502,0.9659065407654196,0.8655723066924998,0.8796162702224364,0.876265128844816,0.9167472
2023-09-07,0.9970311204882827,0.9169841837607502,0.8296186385490377,0.8492839414757657,0.8413962873752875,0.87369835
2023-09-08,0.998051889214413,0.9970311204882827,0.8099946870413155,0.8740308078520795,0.8839041926617153,0.8937336
2023-09-09,0.9986827392895983,0.998051889214413,0.8623567030619412,0.9342895337457432,0.9500948244737133,0.9369632
2023-09-10,0.9570600967659791,0.9986827392895983,0.8802819738677455,0.9324273720149097,0.9476846208049586,0.9485973
2023-09-11,0.7238751875389828,0.9570600967659791,0.8777761137836786,0.9071441339968861,0.9075942846232784,0.92712617
2023-09-12,0.8045281834977516,0.7238751875389828,0.7953096131673506,0.736441730726719,0.7611799692623834,0.7734994
2023-09-13,0.5631290200529702,0.8045281834977516,0.8414299290143572,0.8449560787765614,0.8216565838235791,0.8224917
2023-09-14,0.9136487371213948,0.5631290200529702,0.8484704901515845,0.7420189853321033,0.7850419963782072,0.7550771
2023-09-15,0.625462962962963,0.9136487371213948,0.8061995032101534,0.8311305122295841,0.8477703747082768,0.82808363
2023-09-16,0.8524845004480696,0.625462962962963,0.8519920528277122,0.7828594123452136,0.7693606108126095,0.77999234
2023-09-17,0.7030185729705587,0.8524845004480696,0.8510922751538366,0.8512806388585311,0.8244527741841436,0.8466518
2023-09-18,0.7853026486527747,0.7030185729705587,0.8750496313827762,0.8184106916091781,0.8052943438546886,0.8209819
2023-09-19,0.5706710177442382,0.7853026486527747,0.8684298644084811,0.8341011897366274,0.8314340357447608,0.84246755
2023-09-20,0.9290209917415505,0.5706710177442382,0.804661086210987,0.69076682183717,0.6934153421681952,0.72900784
2023-09-21,0.9812789871017976,0.9290209917415505,0.8216750211838255,0.8692433138363435,0.8430338626006787,0.8541605
2023-09-22,0.8204402462105066,0.9812789871017976,0.8417944721066954,0.9028437960579967,0.8888601986383149,0.9094646
2023-09-23,0.9496643744563524,0.8204402462105066,0.8906014790485423,0.8824333796722666,0.8414288824159012,0.88297117
2023-09-24,0.9930013020833333,0.9496643744563524,0.815754753107649,0.8383466092342466,0.8692657480639001,0.88494664
2023-09-25,0.9974796882772343,0.9930013020833333,0.8690255012085919,0.936823202383687,0.9368573092013478,0.9507733
2023-09-26,0.9967114049145299,0.9974796882772343,0.8195704587889477,0.8687048348312385,0.9244767436120213,0.9200524
2023-09-27,0.9893575156129695,0.9967114049145299,0.861584279265879,0.9293415868168621,0.9252867955181069,0.9432579
2023-09-28,0.9756622835431514,0.9893575156129695,0.8264170618284056,0.8752909707766878,0.9214492849834159,0.911945
2023-09-29,0.9985150615188799,0.9756622835431514,0.8265332663545415,0.8836203182723492,0.8830099307467211,0.9033176
2023-09-30,0.9994247062515254,0.9985150615188799,0.9062810345879497,0.9720649408106193,0.9478338722988222,0.96668375
2023-10-01,0.9970431905382098,0.9994247062515254,0.8433031057873638,0.8789310311506079,0.9361514807734553,0.91707146
2023-10-02,0.9961382994081132,0.9970431905382098,0.8706581385086273,0.9294644982646164,0.9353481148229364,0.92922616
2023-10-03,0.9927592882138336,0.9961382994081132,0.8356787193184867,0.8836755153138393,0.9241012282592698,0.8932123
2023-10-04,0.96989673436726,0.9927592882138336,0.8353641973228304,0.8954483091542075,0.9214302698829893,0.8878983
2023-10-05,0.988858516354039,0.96989673436726,0.8757975208354198,0.9272568964767302,0.9125437780945811,0.90811676
2023-10-06,0.9987068723176972,0.988858516354039,0.8994340602666929,0.9426804627102275,0.9349160457868699,0.9352274
2023-10-07,0.9990081221694053,0.9987068723176972,0.903713964755354,0.9416863173068765,0.878794122256461,0.941031
2023-10-08,0.9970732448971835,0.9990081221694053,0.8648616607233848,0.9013121577594463,0.9365679974615229,0.9117749
2023-10-09,0.9977005114379733,0.9970732448971835,0.8714707823001409,0.9220423817332606,0.9351354024324521,0.9189933
2023-10-10,0.9894116451580125,0.9977005114379733,0.8484829182263365,0.8967664278628147,0.9318868854053923,0.90722775
2023-10-11,0.9589724558799274,0.9894116451580125,0.835009116960402,0.8889150675739235,0.9170963036767816,0.9008782
2023-10-12,0.993778938136129,0.9589724558799274,0.8785513710516544,0.9259679749703348,0.909761724543796,0.92675006
2023-10-13,0.9984131129100294,0.993778938136129,0.8261835423020989,0.8702586693241666,0.9211653508728694,0.9081158
2023-10-14,0.9868839984781433,0.9984131129100294,0.812315565056222,0.8781942466388648,0.8946070634718698,0.90082824
2023-10-15,0.975864877609637,0.9868839984781433,0.8171068607811962,0.8838801692159208,0.8764083281446777,0.90926826
2023-10-16,0.9267824380253444,0.975864877609637,0.8192666982409447,0.8799924423882224,0.8814444758429989,0.9072991
2023-10-17,0.8962284813176222,0.9267824380253444,0.8433263352483318,0.8844516493356712,0.851432488593473,0.9070648
2023-10-18,0.9807158836689038,0.8962284813176222,0.8656860201733377,0.885921358528044,0.8763724095841342,0.9071888
2023-10-19,0.8154991018732358,0.9807158836689038,0.8582853824592321,0.9022848868589158,0.8843135332770797,0.93201077
2023-10-20,0.37025733219056384,0.8154991018732358,0.8285626525177989,0.8121966838581716,0.8119686175787668,0.84105074
2023-10-21,0.7555257589407303,0.37025733219056384,0.7815017926928882,0.6061976903898033,0.6889125855551161,0.7098442
2023-10-22,0.7966620941929584,0.7555257589407303,0.8664687985330416,0.8565328342831279,0.7593357648510254,0.8204311
2023-10-23,0.9122811208523448,0.7966620941929584,0.7777218852285414,0.7510204678626301,0.7053662340473386,0.77264035
2023-10-24,0.6647576575519304,0.9122811208523448,0.8263859463957157,0.8778555343786296,0.7836687480235979,0.8652986
2023-10-25,0.9741967553888564,0.6647576575519304,0.798532278910292,0.7367086412045096,0.6966057722350897,0.76428497
2023-10-26,0.9609800778566522,0.9741967553888564,0.8358136481311234,0.9030061985768139,0.8771428208977995,0.9038979
2023-10-27,0.5546432878745708,0.9609800778566522,0.8273474915622914,0.8752242837973215,0.8956061372053732,0.9155572
2023-10-28,0.9446421145048749,0.5546432878745708,0.7711519360744827,0.6668411993201738,0.7035478595137997,0.74285465
2023-10-29,0.9572228611430571,0.9446421145048749,0.8352289932793808,0.9015898637279856,0.8594342263085395,0.8850907
2023-10-30,0.6324863883847549,0.9572228611430571,0.8264266642880532,0.8730899355698551,0.8758170505914284,0.91814375
2023-10-31,0.4219177413051973,0.6324863883847549,0.7389071095783929,0.6647239734468616,0.6867652363328167,0.7420205
2023-11-01,0.8432253369136948,0.4219177413051973,0.7261651174589259,0.6049150813365495,0.6521368846610835,0.6776935
2023-11-02,0.8646486328267922,0.8432253369136948,0.8058312666124553,0.8506073924323957,0.8120483686692247,0.8063235
2023-11-03,0.7352445599845947,0.8646486328267922,0.7523843521691709,0.7748822921378232,0.7881615799258036,0.8152821
2023-11-04,0.9775353817737064,0.7352445599845947,0.8061488542755597,0.7995927971029456,0.7623554201172237,0.82296634
2023-11-05,0.6817168338907469,0.9775353817737064,0.7140687769492493,0.7796249902798152,0.8007202842087148,0.8210697
2023-11-06,0.7219792309550004,0.6817168338907469,0.739635612544249,0.7272608307468617,0.7049809571413275,0.7602445
2023-11-07,0.584093665945889,0.7219792309550004,0.7792968828463445,0.7725432276144699,0.7545644603832,0.7662704
2023-11-08,0.8453620879794144,0.584093665945889,0.796906071267739,0.7222398538191279,0.699935930936194,0.7407904
2023-11-09,0.8948249699126157,0.8453620879794144,0.7161835572179637,0.7347182286129157,0.713446162463606,0.74416006
2023-11-10,0.7928371359421316,0.8948249699126157,0.7803876358764559,0.8487188794767495,0.8020542684919731,0.8354256
2023-11-11,0.9376231477232855,0.7928371359421316,0.7507596654000382,0.7555216621221735,0.74068764152183,0.7809547
2023-11-12,0.9632513734065817,0.9376231477232855,0.82731232378706,0.8987885505926221,0.860638587358755,0.8895711
2023-11-13,0.9956078473128012,0.9632513734065817,0.7244906977968852,0.7764880716097605,0.8238531400026374,0.8338842
2023-11-14,0.9967344554770882,0.9956078473128012,0.7111401608721171,0.8148438413812663,0.8618946564276696,0.843454
2023-11-15,0.996336595767948,0.9967344554770882,0.6745863698683825,0.7838276315732644,0.8519363835715127,0.820804
2023-11-16,0.9929360425473885,0.996336595767948,0.7130550606168319,0.8361261488530866,0.8562114747877316,0.8483284
2023-11-17,0.9944995113779143,0.9929360425473885,0.739706216959826,0.8467621076791607,0.881784550776887,0.86488396
2023-11-18,0.9787288279612529,0.9944995113779143,0.700764641317634,0.7982243647153819,0.8575846592253621,0.83482707
2023-11-19,0.996894322256416,0.9787288279612529,0.8074384173123308,0.9137611241427342,0.8938580222806137,0.90471226
2023-11-20,0.9894077715355806,0.996894322256416,0.8206179725984777,0.8930858141642868,0.9492900713488276,0.91240704
2023-11-21,0.4282298117603777,0.9894077715355806,0.842658860240362,0.9072218117667805,0.9471958732713832,0.9236353
2023-11-22,0.3521242326627363,0.4282298117603777,0.7037313164013685,0.5452101099265417,0.6706868165352502,0.6845876
2023-11-23,0.4101326899879373,0.3521242326627363,0.7486274844331046,0.6141359971115169,0.6421865346845249,0.6962209
2023-11-24,0.7168983174835405,0.4101326899879373,0.7133976361431384,0.5839216657745026,0.5714992299382887,0.64072776
2023-11-25,0.9279813914651239,0.7168983174835405,0.8003179747720603,0.8016570030848675,0.7492537425255791,0.7264438
2023-11-26,0.9944663795166307,0.9279813914651239,0.7127622156618874,0.7615941180372354,0.7716891899409247,0.7029384
2023-11-27,0.8752006546850903,0.9944663795166307,0.7420042729714323,0.8497575399951193,0.8852393029322021,0.7928659
2023-11-28,0.887410277583688,0.8752006546850903,0.7931543035456478,0.8441025930170852,0.8093245733055724,0.8188167
2023-11-29,0.983011388661675,0.887410277583688,0.6778376876213302,0.7138910742668171,0.7356451468444487,0.7446853
2023-11-30,0.922379375444895,0.983011388661675,0.7096889675277416,0.8264194511913162,0.8582977003862452,0.8210706
2023-12-01,0.9432219593609229,0.922379375444895,0.7207904112469812,0.8021455676780068,0.7942698153751744,0.8270042
2023-12-02,0.7305117685165192,0.9432219593609229,0.7287931740642523,0.8138743658735867,0.8237409628611556,0.8519873
2023-12-03,0.8000433611050888,0.7305117685165192,0.6636820577460972,0.6643394288136262,0.6964563227340266,0.7218583
2023-12-04,0.648279450985494,0.8000433611050888,0.791068930955699,0.8432278189589157,0.8165022925513937,0.8312202
2023-12-05,0.744358736356944,0.648279450985494,0.8598968346454852,0.805279136586409,0.8296732023895801,0.8406357
2023-12-06,0.31987390167013213,0.744358736356944,0.7864111112883756,0.7422172045106483,0.7923101566241252,0.7893919
2023-12-07,0.9715529302036375,0.31987390167013213,0.8147624983678275,0.6363096567889511,0.6889319357965121,0.7068035
2023-12-08,0.5672222604862593,0.9715529302036375,0.7355926916796015,0.7955658246187182,0.8038145836777844,0.77171695
2023-12-09,0.8297067171239356,0.5672222604862593,0.7265666097098432,0.6621640684658153,0.6609446575880288,0.70255256
2023-12-10,0.9399086637973518,0.8297067171239356,0.7137057017844233,0.7531573143660998,0.7199493627829179,0.74367833
2023-12-11,0.9953809121072149,0.9399086637973518,0.8011520602653018,0.887675836959977,0.8483003116463288,0.88824654
2023-12-12,0.9297331809933463,0.9953809121072149,0.7134737458521572,0.7877672637393028,0.8576980983556639,0.86193234
2023-12-13,0.9844534962661234,0.9297331809933463,0.7434778071986022,0.8261981345884946,0.8266615240754063,0.8671169
2023-12-14,0.6980615810641525,0.9844534962661234,0.7483942957657854,0.8405687152525293,0.8816986015466854,0.8927299
2023-12-15,0.5952301645459995,0.6980615810641525,0.7136834881306915,0.6944309702656426,0.6939912071972713,0.75229996
2023-12-16,0.5786327095858947,0.5952301645459995,0.7036673458456476,0.658358350652215,0.6881412326537033,0.6995593
2023-12-17,0.6705922280671984,0.5786327095858947,0.6778439618706341,0.6300175813026357,0.6301200111597882,0.6451686
2023-12-18,0.3885161381453493,0.6705922280671984,0.6237011864051876,0.6209273615592431,0.5703258220007887,0.59863514
2023-12-19,0.45742398964965436,0.3885161381453493,0.7301309632294958,0.6401714931302599,0.6512688807348822,0.6182716
2023-12-20,0.855069608615708,0.45742398964965436,0.6998748580566609,0.5955630618046106,0.6310220273120308,0.5941321
2023-12-21,0.8810812605851294,0.855069608615708,0.6774316906587896,0.7367944674414797,0.6435561357982701,0.68727386
2023-12-22,0.9791141519625495,0.8810812605851294,0.7107048283864706,0.7886018185738324,0.7124350067676725,0.77182376
2023-12-23,0.9917566431757936,0.9791141519625495,0.7382547681988124,0.8409226915946966,0.8227402796938477,0.86380273
2023-12-24,0.9894472685155395,0.9917566431757936,0.7834035879160176,0.8803693368478824,0.8927364080117507,0.92349625
2023-12-25,0.949190632837182,0.9894472685155395,0.8089784626565302,0.8877912122814581,0.9163050844282856,0.9471839
2023-12-26,0.981704538055863,0.949190632837182,0.7721320675419726,0.8257639315751816,0.8499978222635326,0.9003635
2023-12-27,0.6524501520784048,0.981704538055863,0.735800907895363,0.8159634375047624,0.8629824072164523,0.8817038
2023-12-28,0.9910996563573883,0.6524501520784048,0.7194760438667145,0.6875939583296263,0.700868539402123,0.7340161
2023-12-29,0.9008386103029267,0.9910996563573883,0.681815121034172,0.7857125261919382,0.824155814425287,0.80519724
2023-12-30,0.634904646790223,0.9008386103029267,0.7824464534055464,0.8662240454748102,0.8311972776358911,0.8730601
2023-12-31,0.9112064697144743,0.634904646790223,0.7941329806501498,0.7376974936206583,0.7791016422163003,0.77471447
