date,actual,persistence,climatology,ar1,gbr
2020-01-01,0.9998121410552305,0.9892165076619551,0.9445629234433777,0.9472861215284288,0.961741695442588
2020-01-02,0.9951195323102621,0.9998121410552305,0.9672735773857658,0.9805758770412006,0.9800970988431721
2020-01-03,0.9940172037488767,0.9951195323102621,0.9665662551007913,0.9732706982152566,0.9833112821349721
2020-01-04,0.9995656284334518,0.9940172037488767,0.9596783873667318,0.9662877252094535,0.9740375222000631
2020-01-05,0.9993809965954812,0.9995656284334518,0.9729899931461571,0.9825936048538502,0.9793747065715674
2020-01-06,0.9785100660626158,0.9993809965954812,0.9831339804615734,0.9894881163437657,0.9818061045309849
2020-01-07,0.9949203238615852,0.9785100660626158,0.9610484543221025,0.9599351590108796,0.9711121931352303
2020-01-08,0.9998974727021068,0.9949203238615852,0.9421012841411461,0.9502565807766469,0.962056719769042
2020-01-09,0.9744128067182785,0.9998974727021068,0.9608551659293535,0.9747706972692032,0.9719246506463828
2020-01-10,0.9853565868974433,0.9744128067182785,0.9365265460200908,0.9397908058266646,0.9305365145874587
2020-01-11,0.9327009459388046,0.9853565868974433,0.9141471021830706,0.9259038629846629,0.9145820981113414
2020-01-12,0.8198186323614699,0.9327009459388046,0.9481093665968667,0.9525765572661142,0.9220682947517767
2020-01-13,0.9936635655016344,0.8198186323614699,0.9473808209358677,0.9164923873329839,0.9274511047760358
2020-01-14,0.9944035937460788,0.9936635655016344,0.9532192196658188,0.9643626704457932,0.9626606046539183
2020-01-15,0.9940420038726975,0.9944035937460788,0.9551090311454344,0.9650249522899831,0.9764016502229445
2020-01-16,0.8296333883039452,0.9940420038726975,0.9649005162074866,0.9742743696678805,0.9724157038643034
2020-01-17,0.9994004047268095,0.8296333883039452,0.9053663115039288,0.8727981784754366,0.8488915178470806
2020-01-18,0.9813555291319856,0.9994004047268095,0.9098229856906813,0.9324634816098397,0.9371723289587962
2020-01-19,0.8955049336094532,0.9813555291319856,0.9268220176781149,0.9440448376401391,0.9314436939815353
2020-01-20,0.9994904767681668,0.8955049336094532,0.893863210476856,0.8863230270204588,0.8680473863613491
2020-01-21,0.923911554374332,0.9994904767681668,0.9105530228840225,0.9359847956534162,0.9439862482542898
2020-01-22,1.0,0.923911554374332,0.9603209310395425,0.9635372514965862,0.9472031418222643
2020-01-23,0.9871794871794872,1.0,0.9522943344999164,0.9618478248148169,0.9813332702021575
2020-01-24,0.9925114200843714,0.9871794871794872,0.9787318432981628,0.9871311071163293,0.9736205804205607
2020-01-25,0.7731160483830154,0.9925114200843714,0.9553696397473957,0.9586873348652339,0.9662232408457976
2020-01-26,0.9457381810897436,0.7731160483830154,0.9145120506285048,0.8706310331154525,0.8386872809234122
2020-01-27,0.9996022833614076,0.9457381810897436,0.9546481321588121,0.9621664168048192,0.9331192935428545
2020-01-28,0.9938820787486273,0.9996022833614076,0.945486747176545,0.9563103138422993,0.9668305302941911
2020-01-29,0.9999554605380366,0.9938820787486273,0.9642115105653762,0.9758636068361088,0.9826780820720663
2020-01-30,0.999910996395354,0.9999554605380366,0.9374205840344665,0.9460266196302212,0.9572313427811615
2020-01-31,0.9996949093444909,0.999910996395354,0.9349915578188617,0.9500373127950892,0.9702675420963174
2020-02-01,0.9973632875302791,0.9996949093444909,0.9142196013039318,0.9297981634611668,0.9785811214255595
2020-02-02,0.9996338022101114,0.9973632875302791,0.9209207607048085,0.9409391840680209,0.961982375893918
2020-02-03,0.9938221287914538,0.9996338022101114,0.9165966442494361,0.9355483056512364,0.9840054388395472
2020-02-04,0.9932847152419854,0.9938221287914538,0.9593406648479268,0.9779341686262262,0.9789619079162983
2020-02-05,1.0,0.9932847152419854,0.9646667193976614,0.9728393949463569,0.976735235907623
2020-02-06,0.9991515558098695,1.0,0.9475718763058276,0.9560790354421597,0.9785217097368082
2020-02-07,0.9870142704668536,0.9991515558098695,0.9476889008465708,0.9601076894295036,0.970771671941624
2020-02-08,0.7894619243972294,0.9870142704668536,0.9193033477696841,0.9287716782431551,0.886924463857812
2020-02-09,0.9582871759753468,0.7894619243972294,0.94882182158958,0.9175600300919565,0.9020722185259173
2020-02-10,0.9965369850001978,0.9582871759753468,0.9464938924786858,0.9487728565224651,0.9223027562261257
2020-02-11,0.9945236981602745,0.9965369850001978,0.9011541819042986,0.9132030079543346,0.9265879948506938
2020-02-12,0.7956853043047996,0.9945236981602745,0.9601917660056158,0.9826722523836442,0.9738506756827034
2020-02-13,0.64601996416688,0.7956853043047996,0.9440551382643825,0.9044470796639273,0.9169651646553632
2020-02-14,0.9996298893563971,0.64601996416688,0.9452933205788977,0.8735356855376708,0.9084975853400444
2020-02-15,0.9998665751753583,0.9996298893563971,0.9314103052407623,0.9444928673361099,0.9694618981223062
2020-02-16,0.9914715429976373,0.9998665751753583,0.9791418476051568,0.9956239962278002,0.9958560257684977
2020-02-17,0.9886929163885975,0.9914715429976373,0.9107788758785897,0.9137474844826656,0.9791189808660771
2020-02-18,0.999774652119209,0.9886929163885975,0.9466404499338134,0.9653997366536937,0.9690140488028871
2020-02-19,0.9942743250588875,0.999774652119209,0.913708437751388,0.9265015072277413,0.9621501113044498
2020-02-20,0.9478617235229386,0.9942743250588875,0.8960753963672692,0.915473165626185,0.9444137172585779
2020-02-21,0.9171116659680328,0.9478617235229386,0.8740110756253802,0.8864796185596662,0.8790599471855285
2020-02-22,0.9943146388878699,0.9171116659680328,0.9083586453598539,0.9187359320047439,0.8535993647378064
2020-02-23,0.9998734794946409,0.9943146388878699,0.9585533229705502,0.9792488627901943,0.9637178407835612
2020-02-24,0.989489542094384,0.9998734794946409,0.9775079650095497,0.9874565783592346,0.9826425976321761
2020-02-25,0.8151966730202739,0.989489542094384,0.9546405342832898,0.9575253267856357,0.9668269755510499
2020-02-26,0.9897550266578389,0.8151966730202739,0.960139964733043,0.9265662037313384,0.8992353952915401
2020-02-27,0.9945224543686548,0.9897550266578389,0.9534779504925378,0.9606083397553421,0.9600523050389301
2020-02-28,0.9994550965500799,0.9945224543686548,0.9382005570453978,0.9480828017787899,0.9453122192063408
2020-02-29,0.9980232398239824,0.9994550965500799,0.9590208514631797,0.9737690465502381,0.9696547617035631
2020-03-01,0.9910400157827245,0.9980232398239824,0.9547877735337116,0.9641783401277575,0.9757075503779743
2020-03-02,0.9597512141092271,0.9910400157827245,0.9538181955639751,0.962546612189993,0.9680456652239665
2020-03-03,0.7950984399482254,0.9597512141092271,0.9423829105996884,0.9438113976255981,0.9269713844149544
2020-03-04,0.9867447925970917,0.7950984399482254,0.9493763731909761,0.913914836396697,0.9073353433543384
2020-03-05,0.9982026660453661,0.9867447925970917,0.9133710402152027,0.9223681977149221,0.8928058171398952
2020-03-06,0.9854393820282327,0.9982026660453661,0.9561236745000837,0.976548501417605,0.9693265597415721
2020-03-07,0.9907549816620752,0.9854393820282327,0.9349172100060505,0.941975524005901,0.947674075192556
2020-03-08,0.9830518977536793,0.9907549816620752,0.8889641580057875,0.9024081632381953,0.959338346902825
2020-03-09,0.9953663435231603,0.9830518977536793,0.9591280242115572,0.9817814365516536,0.8926619640963233
2020-03-10,0.9983719431536816,0.9953663435231603,0.9272148805926619,0.935939945006766,0.9466196523268545
2020-03-11,0.9955673461163908,0.9983719431536816,0.9586116422610131,0.9757440580616694,0.9715516107874688
2020-03-12,0.9986429362492005,0.9955673461163908,0.9617954141132911,0.9706932024967464,0.9773122929033379
2020-03-13,0.9996313477312524,0.9986429362492005,0.9594601222972782,0.9683318638747911,0.9781186971745308
2020-03-14,0.9836727149502479,0.9996313477312524,0.9104636605776457,0.9201356469214688,0.9620636628786653
2020-03-15,0.9860214161201959,0.9836727149502479,0.973665934835621,0.9912924066817391,0.9738888846133206
2020-03-16,0.7944431021985986,0.9860214161201959,0.941418782444106,0.9443935994919997,0.9313253190511437
2020-03-17,0.9108512886479534,0.7944431021985986,0.9528001849225846,0.9174129952899178,0.911135914858812
2020-03-18,0.9951413340677066,0.9108512886479534,0.9543413202805302,0.9442413258809682,0.9072199334445672
2020-03-19,0.9996734599796392,0.9951413340677066,0.939541596655844,0.9493649757515592,0.9353335432914011
2020-03-20,0.9954266356129579,0.9996734599796392,0.9260620101966548,0.9405398996464625,0.9611783900932274
2020-03-21,0.9862989196537169,0.9954266356129579,0.9666031910259413,0.983304043502388,0.9698536811982608
2020-03-22,0.9986924645486668,0.9862989196537169,0.9350255032862543,0.9397676244503844,0.8329013420493812
2020-03-23,0.8774259448416752,0.9986924645486668,0.9677855685187701,0.9831146000140845,0.9588476160569486
2020-03-24,0.9914589030078816,0.8774259448416752,0.960439249472816,0.9386834519636189,0.9295900370954212
2020-03-25,0.8820621468926553,0.9914589030078816,0.9169531740612129,0.9244217454612663,0.9525286346157171
2020-03-26,0.9996672674338001,0.8820621468926553,0.9479566701393597,0.9395559919262714,0.9194190165149866
2020-03-27,0.9595911434276008,0.9996672674338001,0.9514806611321106,0.9639309706623689,0.9674026483955016
2020-03-28,0.9849700819555909,0.9595911434276008,0.9174217484861243,0.919374501312466,0.9031405018000814
2020-03-29,0.8630113966207339,0.9849700819555909,0.923195771394592,0.9394593170496405,0.9342017227740975
2020-03-30,0.999733733200667,0.8630113966207339,0.9357696815256884,0.921279148945819,0.880440246615028
2020-03-31,0.9997397973158039,0.999733733200667,0.9414628958723913,0.9568634575334445,0.9543561655401869
2020-04-01,0.9924760905234217,0.9997397973158039,0.9497804719816166,0.9638117440882501,0.972363055855029
2020-04-02,0.9782809879113886,0.9924760905234217,0.9724263247765008,0.9827061067601535,0.9827460328154978
2020-04-03,0.9797504602168133,0.9782809879113886,0.9671820249630464,0.9685916464340516,0.960632602284655
2020-04-04,0.9486053684224703,0.9797504602168133,0.9623348174850409,0.9653609072501504,0.9453459271465147
2020-04-05,0.9520119592945112,0.9486053684224703,0.9670998511713078,0.9637942252560702,0.9498771725550604
2020-04-06,0.9936519688494023,0.9520119592945112,0.959126785811967,0.9554940889596066,0.9387804257573298
2020-04-07,0.9585150735445878,0.9936519688494023,0.9446856799468939,0.9529982742292096,0.957140853498491
2020-04-08,0.9900999790253793,0.9585150735445878,0.9455893326834803,0.9489190221459065,0.9258169357761453
2020-04-09,0.5688050592361437,0.9900999790253793,0.9564381987724181,0.967154983210104,0.9588692216148352
2020-04-10,0.7282066596983724,0.5688050592361437,0.9544586492512313,0.8611286004039465,0.8792581510354069
2020-04-11,0.9877551576966606,0.7282066596983724,0.94442429851248,0.8899498300446269,0.9349623362954615
2020-04-12,0.9940875563348646,0.9877551576966606,0.9214200244041946,0.9318527526510424,0.9376166911931686
2020-04-13,0.883254846128573,0.9940875563348646,0.9728389201511097,0.9903350101727587,0.9769498252040842
2020-04-14,0.875,0.883254846128573,0.936553527714535,0.9149844585310688,0.8944165217908725
2020-04-15,0.5651575636605577,0.875,0.909202990723434,0.8943828085398551,0.8453297028213046
2020-04-16,0.9915679786369442,0.5651575636605577,0.9493795882750141,0.8665441099877961,0.944199842825371
2020-04-17,0.9842124092019101,0.9915679786369442,0.9507669396848994,0.9609245968397485,0.9778919632456547
2020-04-18,0.9403618371041975,0.9842124092019101,0.9226419941731228,0.9306946268955912,0.9199929670344238
2020-04-19,0.6650592405710088,0.9403618371041975,0.9163324797556367,0.9205988688685538,0.8838247361496987
2020-04-20,0.9984014456491521,0.6650592405710088,0.9497837663359863,0.8892849562621838,0.9041759115357397
2020-04-21,0.974477387974749,0.9984014456491521,0.9748936880303148,0.9865993187474604,0.9796721242964259
2020-04-22,0.9909368247108173,0.974477387974749,0.9234835147497376,0.92338328259578,0.9434570408459038
2020-04-23,0.9837648863793559,0.9909368247108173,0.8624404158894406,0.8786810828280565,0.9052333503453708
2020-04-24,0.9996523645893223,0.9837648863793559,0.9514658604001061,0.9806770335488743,0.9503160942471158
2020-04-25,0.759654297276905,0.9996523645893223,0.9739307904299139,0.9855326075375521,0.9841127865169587
2020-04-26,0.9905661639747896,0.759654297276905,0.9626224772159446,0.9110313372099087,0.9316867511129897
2020-04-27,0.9751268057784912,0.9905661639747896,0.9637861301754905,0.9705141040873603,0.9679325031118127
2020-04-28,0.9039986347406007,0.9751268057784912,0.9481323252191476,0.950862808503563,0.9337931184875379
2020-04-29,0.993893942081127,0.9039986347406007,0.9518865955362222,0.9412605703901233,0.9228489906137838
2020-04-30,0.9963332491929163,0.993893942081127,0.9148401087997825,0.9249541762132935,0.9427034232173367
2020-05-01,0.9801713338479254,0.9963332491929163,0.9130383267368138,0.9326593498069997,0.9462285234125889
2020-05-02,0.9996252780195339,0.9801713338479254,0.9214320705890159,0.9375956185262243,0.9373753371843004
2020-05-03,0.9910867539600805,0.9996252780195339,0.991019795416289,1.0098462968803963,0.9932552983958086
2020-05-04,0.9991968738013042,0.9910867539600805,0.9802997138072883,0.980315835349864,0.9765516413214446
2020-05-05,0.9974574085219805,0.9991968738013042,0.9307368596182943,0.9352867101997651,0.9687951888442174
2020-05-06,0.9874973807361878,0.9974574085219805,0.9280287921248044,0.9440930329060443,0.9650592975674318
2020-05-07,0.9605873046712371,0.9874973807361878,0.9542388609436548,0.9685570543948628,0.9716347452435106
2020-05-08,0.805909555304619,0.9605873046712371,0.9707304060187145,0.9722589145562155,0.9668539599659627
2020-05-09,0.6187615822097259,0.805909555304619,0.9794401083198003,0.939756354586567,0.9469941582443824
2020-05-10,0.9633724948168625,0.6187615822097259,0.975517998115929,0.8886777849693184,0.9387952253996105
2020-05-11,0.9961872807686442,0.9633724948168625,0.92234291120694,0.9194186503516045,0.9170578017046486
2020-05-12,0.7359070322853106,0.9961872807686442,0.9440920461036112,0.9618714821614662,0.9620988350082113
2020-05-13,0.9444021217764235,0.7359070322853106,0.934864821998273,0.8847403214662012,0.8737738094543447
2020-05-14,0.8762790075570119,0.9444021217764235,0.9559717070384207,0.958267993303395,0.9435671260179428
2020-05-15,0.8993980310867528,0.8762790075570119,0.9767293621174813,0.957541829430597,0.949262453559883
2020-05-16,0.9823121763278377,0.8993980310867528,0.9172670261834471,0.8986480378504126,0.843053131789393
2020-05-17,0.9968931209904067,0.9823121763278377,0.9272411090550212,0.9429019657287238,0.9247273159710804
2020-05-18,0.9957033323867496,0.9968931209904067,0.950910838711138,0.9676808849564562,0.9726831232597822
2020-05-19,0.990359026467315,0.9957033323867496,0.9326173499501605,0.9434019944925174,0.9717518459521718
2020-05-20,0.9881965058841474,0.990359026467315,0.901846173752486,0.9157485802812907,0.9523245555523988
2020-05-21,0.9996671500915336,0.9881965058841474,0.9535669316305541,0.9743574159670283,0.9560976351714033
2020-05-22,0.9842426724812972,0.9996671500915336,0.9714440484152564,0.9825435525649296,0.9797701967205523
2020-05-23,0.8940696902804675,0.9842426724812972,0.9599993252781273,0.96308083737663,0.9633595444158546
2020-05-24,0.4562481291959462,0.8940696902804675,0.9328020131008697,0.9169281998810395,0.9165849823855142
2020-05-25,0.785534582548564,0.4562481291959462,0.932415417066807,0.8176760082628605,0.8845846254252814
2020-05-26,0.9696662351700853,0.785534582548564,0.9093989428806294,0.8740345891602098,0.8402977233227652
2020-05-27,0.9982277571548316,0.9696662351700853,0.9575657976520636,0.9720762942004171,0.961890386082969
2020-05-28,0.9138483218037406,0.9982277571548316,0.9516525778526975,0.9614427177544603,0.9683801830353356
2020-05-29,0.726661983523852,0.9138483218037406,0.9883311012659433,0.9792290078074085,0.9603445682039831
2020-05-30,0.8626213973456193,0.726661983523852,0.9075501111365565,0.8445482956315384,0.8498693387200807
2020-05-31,0.9652714311825992,0.8626213973456193,0.8880686007778545,0.8772511586526271,0.6341596023018805
2020-06-01,0.8838481765783952,0.9652714311825992,0.9559920468844773,0.9745800962484795,0.9539420604971096
2020-06-02,0.9997591949506983,0.8838481765783952,0.9737698176101811,0.9563998090816179,0.9514715110167442
2020-06-03,0.9806010302686661,0.9997591949506983,0.9738987833311344,0.9801562200910635,0.9805207235721459
2020-06-04,0.9919841638358708,0.9806010302686661,0.9728708413077665,0.9744845346953203,0.9729595949929484
2020-06-05,0.9856296186083419,0.9919841638358708,0.9731925752965076,0.9777944711182011,0.997368333317887
2020-06-06,0.9042659157146546,0.9856296186083419,0.9916599849248776,0.9946544395816644,0.9753991742116028
2020-06-07,0.9856757689211465,0.9042659157146546,0.9619432497025109,0.9409014658186285,0.9358606825754847
2020-06-08,0.5337839554798872,0.9856757689211465,0.968936557856516,0.9746506131114256,0.9675392223464547
2020-06-09,0.8315529357255014,0.5337839554798872,0.9759921812874858,0.8712209182205071,0.9415164643516969
2020-06-10,0.945668717305946,0.8315529357255014,0.9837488993644041,0.9489724046098749,0.9703117695592063
2020-06-11,0.9872129899784345,0.945668717305946,0.9830937608777919,0.9739252329859788,0.97981636211123
2020-06-12,0.9999608140233548,0.9872129899784345,0.9467346885868918,0.9477264713163974,0.9441543803113506
2020-06-13,0.9919470225508692,0.9999608140233548,0.9639643764386928,0.9767795781855805,0.9779292810836838
2020-06-14,0.9961080949185628,0.9919470225508692,0.9522849757954858,0.959022329912448,0.9672205466430567
2020-06-15,0.9767512963506506,0.9961080949185628,0.9563086051868974,0.9668598543739253,0.9766470294140378
2020-06-16,0.9998615885026182,0.9767512963506506,0.9584492067089377,0.9633711733064415,0.9603766451865823
2020-06-17,0.9944830332774999,0.9998615885026182,0.9928292596690301,1.0028000780059514,0.9942445831272024
2020-06-18,0.9958839166493122,0.9944830332774999,0.9909663863947221,0.9913645638360149,0.9904232062456261
2020-06-19,0.9987980468260924,0.9958839166493122,0.9949346421749768,0.9961186310862912,0.9863825169373217
2020-06-20,0.9845457597195111,0.9987980468260924,0.9661943099285396,0.9671244980575443,0.9777762692015217
2020-06-21,0.9998212199947558,0.9845457597195111,0.983204003588653,0.9876224640625403,0.9796011576035198
2020-06-22,0.9995983271507217,0.9998212199947558,0.9914410429688192,0.9954419537803736,0.9950474436061444
2020-06-23,0.9997792032724401,0.9995983271507217,0.9946944044786739,0.996658425749066,0.9949709689261096
2020-06-24,0.9962450828465849,0.9997792032724401,0.9672250158717859,0.9684492778643713,0.9856566268029685
2020-06-25,0.9989193169132841,0.9962450828465849,0.9686503757148294,0.9756375086301151,0.9852369466598138
2020-06-26,0.9994592321095956,0.9989193169132841,0.9867480260307253,0.9940358491616035,0.9941389441122238
2020-06-27,0.9921944035346099,0.9994592321095956,0.9789433126924586,0.9820037772483737,0.9903259851440583
2020-06-28,0.9917439411180785,0.9921944035346099,0.973396611246821,0.976587063324931,0.9752072750344961
2020-06-29,0.9675015271838728,0.9917439411180785,0.9973189410799077,1.0017364096047872,0.9889415345812644
2020-06-30,0.9930559807967863,0.9675015271838728,0.9882091697612052,0.98103006041378,0.97676404255756
2020-07-01,0.9969750039802578,0.9930559807967863,0.9963255930109532,0.9974925549256273,0.9859438195604212
2020-07-02,0.9979821450409687,0.9969750039802578,0.9938475918950798,0.9940039499339195,0.9843883210886387
2020-07-03,0.9832970751752478,0.9979821450409687,0.9963711171374409,0.9973665894222128,0.9894314883567841
2020-07-04,0.9994950987636078,0.9832970751752478,0.986005625014531,0.9828578008207001,0.978455897915414
2020-07-05,0.9998891120338084,0.9994950987636078,0.9869913913358258,0.9902392386314198,0.9857959944928687
2020-07-06,0.9977589054022175,0.9998891120338084,0.9872329383297106,0.9903383098265888,0.9886899155864657
2020-07-07,0.9999170104803909,0.9977589054022175,0.9794819955267596,0.982016322241491,0.9871383581605181
2020-07-08,0.999739191255794,0.9999170104803909,0.9923016924323655,0.997221810836326,0.9973966779982096
2020-07-09,0.9983537546153664,0.999739191255794,0.9891820331479806,0.9909727524072333,0.9999425923467282
2020-07-10,0.9983374398966581,0.9983537546153664,0.9807622093488233,0.9829704756843302,0.9857410427822241
2020-07-11,0.9998923831161067,0.9983374398966581,0.9698661751170138,0.9740977460489882,0.988184579737094
2020-07-12,0.9988652002800781,0.9998923831161067,0.9710194913766752,0.9782488718744482,0.9961860476603789
2020-07-13,0.9227098528866361,0.9988652002800781,0.9908696911764833,0.9975740750566924,0.9973100773231188
2020-07-14,0.9861111111111112,0.9227098528866361,0.9839569388264778,0.9675461617586952,0.9235025934644226
2020-07-15,0.9327878506897892,0.9861111111111112,0.9825174145548287,0.9830360724920494,0.9770457888989907
2020-07-16,0.9914110126613519,0.9327878506897892,0.9878254907006668,0.9758521526361488,0.9669301127043342
2020-07-17,0.9770312696220017,0.9914110126613519,0.9738027627004093,0.9746660452879974,0.9703207640509675
2020-07-18,0.7370066740238583,0.9770312696220017,0.993736994468405,0.9945143188970039,0.9788842036303474
2020-07-19,0.9982543323139653,0.7370066740238583,0.9936318452318542,0.9318191390831159,0.9503841603564516
2020-07-20,0.998258403204538,0.9982543323139653,0.9906863085618707,0.9917992602194237,0.9547761642221976
2020-07-21,0.9996843702579665,0.998258403204538,0.9909853098782243,0.9928084356401802,0.9938521718629492
2020-07-22,0.9941551274332731,0.9996843702579665,0.9979890835313351,1.000083547722756,1.000088582127055
2020-07-23,0.9996687197860177,0.9941551274332731,0.9899776678576566,0.989054570027738,0.99332972859313
2020-07-24,0.998394765964174,0.9996687197860177,0.9872504592365414,0.989583764255141,0.9950404556554915
2020-07-25,0.9999641465688267,0.998394765964174,0.9891106155427114,0.9917938192866002,0.9955716017612604
2020-07-26,0.9983919500042636,0.9999641465688267,0.9932885279117881,0.9959017218766918,1.0011861376822442
2020-07-27,0.9997032384108415,0.9983919500042636,0.9954763840746567,0.996705129980512,0.9976480216696795
2020-07-28,0.999853045629332,0.9997032384108415,0.9810990180689646,0.9821167136203265,0.992181165341813
2020-07-29,0.9996507595978745,0.999853045629332,0.9894319984714981,0.9939473871980304,0.9994895381900971
2020-07-30,0.99968617984309,0.9996507595978745,0.9862725554579277,0.9887329164998767,1.0015442337149763
2020-07-31,0.9981383144874116,0.99968617984309,0.9885665209257152,0.9917961060447377,0.9978901197233093
2020-08-01,0.9989864530801937,0.9981383144874116,0.9907466812790551,0.993051272578287,0.9954216801749999
2020-08-02,0.9967063431507198,0.9989864530801937,0.9952461175833701,0.9972299993165231,0.9942241492725333
2020-08-03,0.9990651293237769,0.9967063431507198,0.9913922279162496,0.9917438049864966,0.9975742443071791
2020-08-04,0.9474072591740251,0.9990651293237769,0.972370953524477,0.974218350431825,0.9890329221851915
2020-08-05,0.9997368091239504,0.9474072591740251,0.9818921060645514,0.9758816219869424,0.9722732445585764
2020-08-06,0.9996010039256066,0.9997368091239504,0.9783088084908573,0.9826052600537742,0.9920402723551591
2020-08-07,0.9992506943995866,0.9996010039256066,0.977203035943668,0.9823295368469921,0.9894232767916834
2020-08-08,0.9995815687368449,0.9992506943995866,0.980518111338645,0.9858265043287819,0.9917765942553587
2020-08-09,0.9993806691353883,0.9995815687368449,0.9708171961628025,0.9754070860063297,0.9926966925972682
2020-08-10,0.9977288766279593,0.9993806691353883,0.9562353049834064,0.9631125042109251,0.9845430072655823
2020-08-11,0.9989911562397641,0.9977288766279593,0.9395321660950233,0.9495225324322958,0.9720325807646294
2020-08-12,0.9997537201223622,0.9989911562397641,0.9722060044262621,0.9865218868641196,0.9894185180361932
2020-08-13,0.9977793743060545,0.9997537201223622,0.9606929220665167,0.9673255584159884,0.9903015244865188
2020-08-14,0.9814150635800456,0.9977793743060545,0.9708912138277258,0.9798204823707335,0.988709097820298
2020-08-15,0.9995630269381041,0.9814150635800456,0.9678616552872434,0.9703954722168808,0.9682423197834455
2020-08-16,0.9998160460410481,0.9995630269381041,0.9866338016648925,0.9942665096635951,0.9957269482097505
2020-08-17,0.9990443704126462,0.9998160460410481,0.989960810269154,0.9931346862515203,0.995762470927644
2020-08-18,0.9962565844006525,0.9990443704126462,0.9629410377283446,0.9651280775488139,0.9852333822927263
2020-08-19,0.9998027474462838,0.9962565844006525,0.9717671025968772,0.9797884539241145,0.9880685602448785
2020-08-20,0.9980536966432931,0.9998027474462838,0.9886598774100431,0.995409991980718,0.9994239560755396
2020-08-21,0.9991090070082582,0.9980536966432931,0.986507924324545,0.9887696649201778,0.993333517841248
2020-08-22,0.998323474088815,0.9991090070082582,0.9832821671278967,0.9863161173825281,0.9945469801708343
2020-08-23,0.9884612156983412,0.998323474088815,0.9859398525538023,0.9895613332018937,0.9942145233131425
2020-08-24,0.9981053010082012,0.9884612156983412,0.9829524438072962,0.9835595099258512,0.9823181548145075
2020-08-25,0.9995243690895864,0.9981053010082012,0.9915892894134382,0.9952376279028362,0.9938332106785639
2020-08-26,0.9997607217757258,0.9995243690895864,0.9888740682809256,0.9907845895915338,0.9881618284845509
2020-08-27,0.9998595860597039,0.9997607217757258,0.9674812145114968,0.9701023833405311,0.9894634991919411
2020-08-28,0.9998640565524742,0.9998595860597039,0.965234958369542,0.9730306669660896,0.9895372765544415
2020-08-29,0.9992399359374575,0.9998640565524742,0.9526322850885803,0.9609698989180296,0.9854515719191038
2020-08-30,0.9985729130585382,0.9992399359374575,0.9683942032103943,0.9796158813558353,0.9831012158177416
2020-08-31,0.9035798687089714,0.9985729130585382,0.9850251440734549,0.9922912422910758,0.9907593866334679
2020-09-01,0.9634282750012159,0.9035798687089714,0.9723484704175843,0.9527389717631576,0.9615267895017953
2020-09-02,0.8884663135892883,0.9634282750012159,0.9532724209197412,0.9511247142635638,0.9397709334562286
2020-09-03,0.9775840787528762,0.8884663135892883,0.971504982447898,0.9559016798768402,0.9436284204071677
2020-09-04,0.9950723085163363,0.9775840787528762,0.915007773716092,0.9164714317401962,0.909243469140355
2020-09-05,0.9947234678624812,0.9950723085163363,0.9198893700952266,0.9391664292052428,0.944896463376734
2020-09-06,0.9994691048517919,0.9947234678624812,0.9323507442714714,0.9503684762136259,0.9642953938901444
2020-09-07,0.9995823131211292,0.9994691048517919,0.9620626602069118,0.9782226817133413,0.9775645705336391
2020-09-08,0.9994375536544211,0.9995823131211292,0.9745427473242511,0.9835763171666184,0.9881460569538836
2020-09-09,0.8561672620298382,0.9994375536544211,0.9400265529377717,0.9460204509146526,0.97319666887648
2020-09-10,0.7086017070152616,0.8561672620298382,0.9678525827873643,0.9476618639904651,0.9452047059889489
2020-09-11,0.9972378657909678,0.7086017070152616,0.9437405081321165,0.8813209303621218,0.919224777995726
2020-09-12,0.9994532697506303,0.9972378657909678,0.8854573473123284,0.8983378533739986,0.9359362383148413
2020-09-13,0.9993767007707628,0.9994532697506303,0.9589457769952479,0.9863924628546812,0.9902176035165978
2020-09-14,0.9997827031725336,0.9993767007707628,0.9611085716500101,0.9708430853074951,0.9875637775766086
2020-09-15,0.993060056594527,0.9997827031725336,0.9755760482796629,0.9848875807983775,0.9985483653850794
2020-09-16,0.9995287966073356,0.993060056594527,0.9568431379476501,0.9610527453925262,0.9824344522178745
2020-09-17,0.9985057900635038,0.9995287966073356,0.9558810915493106,0.9661584755019645,0.9820824957167813
2020-09-18,0.9937759980132862,0.9985057900635038,0.9564947710743216,0.9667574777128446,0.9815868781339112
2020-09-19,0.995669916825021,0.9937759980132862,0.9689905282753701,0.9779666925307348,0.9864175347134783
2020-09-20,0.9691694798649664,0.995669916825021,0.9011167619866611,0.9075403320651466,0.9693736756484032
2020-09-21,0.9182796070238445,0.9691694798649664,0.9403222499381806,0.9567072357300839,0.9388634059395984
2020-09-22,0.8254846204528904,0.9182796070238445,0.9467969448052883,0.9414897594021535,0.9146711584716735
2020-09-23,0.9678323382478372,0.8254846204528904,0.9176401338118323,0.8884318850766195,0.8472959971339904
2020-09-24,0.9980021643219846,0.9678323382478372,0.9501892088133033,0.9622739363919857,0.9211245300334926
2020-09-25,0.9989739747890948,0.9980021643219846,0.9259171151489761,0.9374289933090753,0.9315164641217459
2020-09-26,0.9795395985896392,0.9989739747890948,0.9048069839736875,0.922396812044111,0.9351540337032648
2020-09-27,0.9573399432503832,0.9795395985896392,0.9276925941172209,0.9456858920610862,0.9356054353601396
2020-09-28,0.9751447171788309,0.9573399432503832,0.8998198529315151,0.9069580159536466,0.8922911650068003
2020-09-29,0.9996042607921379,0.9751447171788309,0.9515288434114647,0.9696647367151878,0.9402536762861067
2020-09-30,0.995407091044675,0.9996042607921379,0.9155183166086894,0.9270933874549527,0.9487239736064486
2020-10-01,0.9649116944309847,0.995407091044675,0.9488312537899647,0.9680659952503565,0.966798761873643
2020-10-02,0.8459141639967609,0.9649116944309847,0.9114377656193513,0.9153094374591421,0.9258942236709293
2020-10-03,0.959107485438739,0.8459141639967609,0.9576737510758696,0.9418976981114555,0.9205381011891096
2020-10-04,0.9449406166801987,0.959107485438739,0.9389530732124812,0.9392982720215426,0.9086616851414007
2020-10-05,0.8646924172239144,0.9449406166801987,0.9716885055142811,0.973130120452018,0.9531679423873499
2020-10-06,0.9889268122406236,0.8646924172239144,0.9758604289708295,0.9500990862782142,0.952737874935764
2020-10-07,0.9933896046201688,0.9889268122406236,0.9248765816645773,0.9280225618825899,0.9345167317068097
2020-10-08,0.9830641094747091,0.9933896046201688,0.9393817564018148,0.9558775693933718,0.9485292916854212
2020-10-09,0.999446487876299,0.9830641094747091,0.9114945418402893,0.9220118989241928,0.9148653002132593
2020-10-10,0.9921482978953828,0.999446487876299,0.892512695374894,0.9136887987121227,0.9352024034803105
2020-10-11,0.9995698770565253,0.9921482978953828,0.9390711649647472,0.9630603307550877,0.9586400882436927
2020-10-12,0.9988083110692525,0.9995698770565253,0.9410908410331335,0.9556570562991404,0.9696256873767706
2020-10-13,0.9997885835095137,0.9988083110692525,0.9489472886250021,0.9628438669832324,0.9679064716134156
2020-10-14,0.9902825825008744,0.9997885835095137,0.9675752358975658,0.9798162443436114,0.9848332262687518
2020-10-15,0.9940936630720574,0.9902825825008744,0.9605774956510061,0.9660447211060184,0.9707894869884063
2020-10-16,0.9963947259991759,0.9940936630720574,0.9430885781732622,0.951158232760387,0.9342666470053674
2020-10-17,0.9793303657828527,0.9963947259991759,0.9487381628338079,0.9615726314925113,0.9646603718274961
2020-10-18,0.9996865377168882,0.9793303657828527,0.9386596904203771,0.9460253449642483,0.9033276943984475
2020-10-19,0.9959524791065474,0.9996865377168882,0.8909486993635161,0.9056420732220898,0.9567168016723508
2020-10-20,0.996252401696882,0.9959524791065474,0.8924980367701734,0.9177796932980192,0.943090395906682
2020-10-21,0.9966745445799259,0.996252401696882,0.9322071833859659,0.9571880195402559,0.9760480301033547
2020-10-22,0.9943147695880209,0.9966745445799259,0.9708495987699012,0.9863713417676379,0.9846668565903255
2020-10-23,0.9987259624955211,0.9943147695880209,0.9190060691992267,0.924655755243317,0.9760645730566267
2020-10-24,0.9092542302068101,0.9987259624955211,0.9339755264462462,0.9531696065611308,0.9699296610295385
2020-10-25,0.9973443849837041,0.9092542302068101,0.9860920996031454,0.9801399774797508,0.9558999730864104
2020-10-26,0.9999601180505703,0.9973443849837041,0.9087879123509477,0.9114971140086477,0.9515727235457778
2020-10-27,0.9970201649114212,0.9999601180505703,0.9181932629310008,0.9401447050126555,0.9732697331127531
2020-10-28,0.9999199711896283,0.9970201649114212,0.946633145529417,0.9656122210055589,0.9812266223399689
2020-10-29,0.9996762313327128,0.9999199711896283,0.9768325030049552,0.9896623194848717,0.9871277984707156
2020-10-30,0.9977653177311882,0.9996762313327128,0.9569093846055092,0.9624094465538613,0.9887344160754995
2020-10-31,0.999512670565302,0.9977653177311882,0.9437348162026784,0.9535716589423952,0.9670785095144747
2020-11-01,0.9909778204753352,0.999512670565302,0.9484572751512211,0.9618868541559679,0.9826011745725053
2020-11-02,0.9534345253408798,0.9909778204753352,0.9676014021182417,0.9778390318958717,0.9680649698589101
2020-11-03,0.9548221930598283,0.9534345253408798,0.9427045905311738,0.9392936455762961,0.9321928907213752
2020-11-04,0.9440840422905115,0.9548221930598283,0.9227004292580278,0.9256179724723779,0.8325737566525414
2020-11-05,0.6960861987006813,0.9440840422905115,0.9387283562678009,0.943876867696005,0.903415026898091
2020-11-06,0.8535333778217549,0.6960861987006813,0.9750855020741308,0.9166647890121851,0.9326494292933989
2020-11-07,0.9862842892768081,0.8535333778217549,0.9792570976485551,0.949991112527838,0.9691799264609675
2020-11-08,0.9809034667911753,0.9862842892768081,0.9303713108033205,0.9320632408037035,0.9191233595173125
2020-11-09,0.8286132351552913,0.9809034667911753,0.9215498690576555,0.9337164464363261,0.9079818539861996
2020-11-10,0.9120810201853615,0.8286132351552913,0.9357528088850694,0.9133765471645511,0.8817692344362483
2020-11-11,0.9947079902228341,0.9120810201853615,0.9801357993995541,0.9744363661718137,0.9538792779991022
2020-11-12,0.9987204541224642,0.9947079902228341,0.930108050411284,0.9336165824294073,0.9525655785602933
2020-11-13,0.9904794836330106,0.9987204541224642,0.9730596914098608,0.9895794322079636,0.9809687779068242
2020-11-14,0.8111788055017078,0.9904794836330106,0.940330202944238,0.9445243491440213,0.9524008656590947
2020-11-15,0.9794654883149411,0.8111788055017078,0.953509324679016,0.9224136700442592,0.9114426747071346
2020-11-16,0.9987861426039667,0.9794654883149411,0.9457132622649453,0.9519627021939644,0.9391398846257397
2020-11-17,0.9912766478804214,0.9987861426039667,0.8870979501607223,0.8998762552365799,0.9240796623771244
2020-11-18,0.9994975126878047,0.9912766478804214,0.9584019603021908,0.983484962644709,0.963550227692855
2020-11-19,0.9963288030925579,0.9994975126878047,0.9734636457976222,0.9833581814303183,0.9842847645192415
2020-11-20,0.9997502746978323,0.9963288030925579,0.970026823749514,0.9755320451291672,0.9756658226672884
2020-11-21,0.9908877639214717,0.9997502746978323,0.913818552283478,0.9209750382646175,0.9772732698481886
2020-11-22,0.9949706204561298,0.9908877639214717,0.8974658540093033,0.9160217321145668,0.9570220222185727
2020-11-23,0.9963042501123708,0.9949706204561298,0.8063938150791259,0.8298699415687545,0.9602726262799092
2020-11-24,0.9924080301640681,0.9963042501123708,0.8788936965757533,0.9246182447902468,0.9470008913307351
2020-11-25,0.9890520284442625,0.9924080301640681,0.9495018445322537,0.9768325787190634,0.9699594931189411
2020-11-26,0.7795296076594859,0.9890520284442625,0.9824638958955588,0.9919863546844092,0.9847179708909998
2020-11-27,0.9586252919586252,0.7795296076594859,0.9401134428993436,0.8912531543891316,0.9029350466456986
2020-11-28,0.9877395677585972,0.9586252919586252,0.9385617317179746,0.9430188113655589,0.9173314418529219
2020-11-29,0.9919891514527511,0.9877395677585972,0.9077470030875548,0.9195875021877241,0.9099095835129576
2020-11-30,0.991971044783728,0.9919891514527511,0.918320898238402,0.9386037972478357,0.944301783934992
2020-12-01,0.9930525065213461,0.991971044783728,0.931339630140719,0.9490723033144008,0.9504631064724356
2020-12-02,0.9926644095619165,0.9930525065213461,0.9521680771984272,0.9670266256032428,0.9610117375558462
2020-12-03,0.9929865424430642,0.9926644095619165,0.9414621537182797,0.9512124157370064,0.9533477019441119
2020-12-04,0.9996883197839017,0.9929865424430642,0.9363735856384703,0.9487790619149914,0.9558729374842962
2020-12-05,0.9700191144510487,0.9996883197839017,0.9576756459159718,0.9729198720355835,0.9754080290557836
2020-12-06,0.9997561094580751,0.9700191144510487,0.9312170024448998,0.9341889271949401,0.9221878924804051
2020-12-07,0.9999240909896004,0.9997561094580751,0.9107078447278489,0.9272099379522347,0.969109621925116
2020-12-08,0.9857286268551428,0.9999240909896004,0.9448144951410009,0.9662950027971361,0.937177207751669
2020-12-09,0.8972990032348842,0.9857286268551428,0.9240601705308054,0.9339110256872897,0.9038901558705165
2020-12-10,0.9921667687283119,0.8972990032348842,0.9256579967266458,0.9192147368600447,0.8843232949174912
2020-12-11,0.967251396958661,0.9921667687283119,0.9501767387166155,0.9661899901819421,0.9663825556275166
2020-12-12,0.9897014650891928,0.967251396958661,0.9501554437355283,0.9542664923669409,0.9368893998226774
2020-12-13,0.9929873041528716,0.9897014650891928,0.9456274405281014,0.9551488971018831,0.9579943313121627
2020-12-14,0.970215679561794,0.9929873041528716,0.9044443606791803,0.9158471483530833,0.918447767395639
2020-12-15,0.8870206333209568,0.970215679561794,0.9331721245223882,0.9490078201272791,0.9214693002788799
2020-12-16,0.9677489827685082,0.8870206333209568,0.9188514012545582,0.9077395522177151,0.8600332990941005
2020-12-17,0.8183439644487439,0.9677489827685082,0.9741361132529015,0.9859091357469806,0.9664057888413528
2020-12-18,0.87688068850226,0.8183439644487439,0.986541373480684,0.9490314514051107,0.9636870853696794
2020-12-19,0.9930439781546422,0.87688068850226,0.9365765596320703,0.9101736646218379,0.9049807363027885
2020-12-20,0.7612869136382316,0.9930439781546422,0.8792746671241846,0.892870271811896,0.9379453426250862
2020-12-21,0.8327854545454545,0.7612869136382316,0.9485862146913068,0.9201784196059877,0.9237521336729821
2020-12-22,0.9902705545491731,0.8327854545454545,0.9626482654959274,0.9347670306409964,0.9324181345328861
2020-12-23,0.9996130672710187,0.9902705545491731,0.9453368173164293,0.9519874086195808,0.9564737562406047
2020-12-24,0.9933559359107563,0.9996130672710187,0.9461731707302221,0.9592412099220448,0.9540238042109567
2020-12-25,0.9996802472754404,0.9933559359107563,0.8870622050684145,0.8984223529244962,0.9484126189049339
2020-12-26,0.9332414336352894,0.9996802472754404,0.878511773610317,0.9056267086048874,0.9650433945400879
2020-12-27,0.9928227798725783,0.9332414336352894,0.934511026548957,0.9476882328364189,0.9031844513056444
2020-12-28,0.9993582372917613,0.9928227798725783,0.8623941758960059,0.8764338392554776,0.9141274976153314
2020-12-29,0.9074991740997688,0.9993582372917613,0.8993000201004644,0.932276722132908,0.9349061812298223
2020-12-30,0.9997248816991307,0.9074991740997688,0.9779060901027097,0.9798801923277592,0.9485913166876291
2020-12-31,0.9631209431712809,0.9997248816991307,0.9491976423985742,0.9544509313405846,0.9684274674470712
2021-01-01,0.9939250219818284,0.9631209431712809,0.9445629234433777,0.9479152228437506,0.9258306942560933
2021-01-02,0.9878521173153443,0.9939250219818284,0.9672735773857658,0.9791584411858769,0.9714728084999528
2021-01-03,0.9139515234725669,0.9878521173153443,0.9665662551007913,0.9715209298717126,0.9562251886179257
2021-01-04,0.9869548824934021,0.9139515234725669,0.9596783873667318,0.9470103903042943,0.9275777565904721
2021-01-05,0.8656032763916582,0.9869548824934021,0.9729899931461571,0.9795573279865175,0.9623878604700806
2021-01-06,0.927459722640116,0.8656032763916582,0.9831339804615734,0.957278586538761,0.9626749482661522
2021-01-07,0.9757901079038177,0.927459722640116,0.9610484543221025,0.9476438181544389,0.9445360305492032
2021-01-08,0.9461911201262114,0.9757901079038177,0.9421012841411461,0.9456506175405484,0.9256793604321585
2021-01-09,0.9992482072634744,0.9461911201262114,0.9608551659293535,0.9618398717073996,0.9430799222450773
2021-01-10,0.7315226598898771,0.9992482072634744,0.9365265460200908,0.9457704007312642,0.9533028177804759
2021-01-11,0.9936415191613679,0.7315226598898771,0.9141471021830706,0.8647885186282567,0.8913522480616992
2021-01-12,0.954333415173091,0.9936415191613679,0.9481093665968667,0.9672491590009592,0.9755712651542635
2021-01-13,0.998042492241585,0.954333415173091,0.9473808209358677,0.9488793789754146,0.9311947355900175
2021-01-14,0.9998090236333254,0.998042492241585,0.9532192196658188,0.9654169803198849,0.9675991097976059
2021-01-15,0.9951652089407191,0.9998090236333254,0.9551090311454344,0.9663264123148427,0.9829424468727429
2021-01-16,0.9997140065301843,0.9951652089407191,0.9649005162074866,0.9745448026447653,0.9728236165149201
2021-01-17,0.9997183230834233,0.9997140065301843,0.9053663115039288,0.9137483212470813,0.9637722480748644
2021-01-18,0.9255995176028573,0.9997183230834233,0.9098229856906813,0.932540026499133,0.9696839644948109
2021-01-19,0.9025855192154286,0.9255995176028573,0.9268220176781149,0.9306205177128787,0.9111194217567503
2021-01-20,0.993012459140651,0.9025855192154286,0.893863210476856,0.8880278126362181,0.8774915199938359
2021-01-21,0.9742269293366046,0.993012459140651,0.9105530228840225,0.9344250897357722,0.9373334282497122
2021-01-22,0.9985554183461871,0.9742269293366046,0.9603209310395425,0.9756516347214469,0.9548234853378884
2021-01-23,0.9982810965264756,0.9985554183461871,0.9522943344999164,0.9615000143142092,0.9669065579319003
2021-01-24,0.9921822285302124,0.9982810965264756,0.9787318432981628,0.9898040306539747,0.9822733674067108
2021-01-25,0.8858804555007086,0.9921822285302124,0.9553696397473957,0.9586080757392816,0.975046240015369
2021-01-26,0.9960683360636555,0.8858804555007086,0.9145120506285048,0.8977812082452664,0.8811518726804544
2021-01-27,0.9950176973194761,0.9960683360636555,0.9546481321588121,0.974284358598511,0.9646038960815028
2021-01-28,0.9960150290333599,0.9950176973194761,0.945486747176545,0.9552064875808245,0.9625275984739318
2021-01-29,0.9998446274387943,0.9960150290333599,0.9642115105653762,0.9763771551733358,0.980614041255901
2021-01-30,0.9874857042315474,0.9998446274387943,0.9374205840344665,0.9459999344541844,0.9585151539251666
2021-01-31,0.9142177102054695,0.9874857042315474,0.9349915578188617,0.9470456874506278,0.95245731727648
2021-02-01,0.9935712138380778,0.9142177102054695,0.9142196013039318,0.9092179024945282,0.863858868608461
2021-02-02,0.9865857622711021,0.9935712138380778,0.9209207607048085,0.9400261702236705,0.9452231864246912
2021-02-03,0.9983856578444283,0.9865857622711021,0.9165966442494361,0.9324067419388926,0.9134848312391355
2021-02-04,0.8991210160967956,0.9983856578444283,0.9593406648479268,0.9790329250172294,0.9706112096055227
2021-02-05,0.8663250005594969,0.8991210160967956,0.9646667193976614,0.9501676939370597,0.9359273363258094
2021-02-06,0.6379156352872126,0.8663250005594969,0.9475718763058276,0.9238942376140693,0.9373510034481048
2021-02-07,0.819666651811578,0.6379156352872126,0.9476889008465708,0.8731332729796982,0.9068328153222927
2021-02-08,0.9994905556861823,0.819666651811578,0.9193033477696841,0.888479557083808,0.88891327564685
2021-02-09,0.9860186945500634,0.9994905556861823,0.94882182158958,0.9681284165848559,0.9741120329758911
2021-02-10,0.9935291885522558,0.9860186945500634,0.9464938924786858,0.9554497469098142,0.949879642319348
2021-02-11,0.9518522963674187,0.9935291885522558,0.9011541819042986,0.9124788237688831,0.9475109498481223
2021-02-12,0.9879147351160956,0.9518522963674187,0.9601917660056158,0.9723983010427614,0.9413880132898134
2021-02-13,0.9846834917686121,0.9879147351160956,0.9440551382643825,0.950729970205656,0.9340887516478428
2021-02-14,0.9987232174919203,0.9846834917686121,0.9452933205788977,0.9550753691975238,0.9318731617824745
2021-02-15,0.9743453832290895,0.9987232174919203,0.9314103052407623,0.9442745688451675,0.9528148752693153
2021-02-16,0.9998116938141417,0.9743453832290895,0.9791418476051568,0.9894792840036708,0.971460385520008
2021-02-17,0.9997435991355628,0.9998116938141417,0.9107788758785897,0.9157555343723868,0.9675481623557821
2021-02-18,0.9757516623301532,0.9997435991355628,0.9466404499338134,0.9680603986440589,0.9694587643735914
2021-02-19,0.8452611218568665,0.9757516623301532,0.913708437751388,0.92071751565996,0.9276117489908933
2021-02-20,0.7026763311959856,0.8452611218568665,0.8960753963672692,0.8795954036000269,0.8470162162382165
2021-02-21,0.9459470619812528,0.7026763311959856,0.8740110756253802,0.8274465733719137,0.7860312299169983
2021-02-22,0.5468707160838464,0.9459470619812528,0.9083586453598539,0.9256786018746733,0.8872593413237397
2021-02-23,0.2887387758464453,0.5468707160838464,0.9585533229705502,0.8715182306216503,0.9324763730052501
2021-02-24,0.5520556849574779,0.2887387758464453,0.9775079650095497,0.8162373768536971,0.9855758296910124
2021-02-25,0.9249960986267166,0.5520556849574779,0.9546405342832898,0.8522048082590633,0.9554411982016914
2021-02-26,0.9980684968255388,0.9249960986267166,0.960139964733043,0.9530025031857976,0.8460242901544258
2021-02-27,0.9997388442989712,0.9980684968255388,0.9534779504925378,0.9626099657715544,0.9484283529638311
2021-02-28,0.9847998090797274,0.9997388442989712,0.9382005570453978,0.9493387468395897,0.9206169057853806
2021-03-01,0.9941533084507345,0.9847998090797274,0.9590208514631797,0.9702405074343223,0.9470205127414425
2021-03-02,0.9772697382841612,0.9941533084507345,0.9547877735337116,0.9632465805662996,0.9600066615391908
2021-03-03,0.9109118751234934,0.9772697382841612,0.9538181955639751,0.9592311560524733,0.954106373479734
2021-03-04,0.9901188142577111,0.9109118751234934,0.9423829105996884,0.9320523981276176,0.928129489795393
2021-03-05,0.9157678900963707,0.9901188142577111,0.9493763731909761,0.9608696996529559,0.9660777765746212
2021-03-06,0.9554848680900007,0.9157678900963707,0.9133710402152027,0.9052791588743682,0.8264453012576634
2021-03-07,0.9414367408273154,0.9554848680900007,0.9561236745000837,0.9662633793184155,0.931991078439891
2021-03-08,0.9607778023762084,0.9414367408273154,0.9349172100060505,0.9313810514651784,0.8834975680980645
2021-03-09,0.9699424356278652,0.9607778023762084,0.8889641580057875,0.8951905873353694,0.8657191004690477
2021-03-10,0.9782724225329081,0.9699424356278652,0.9591280242115572,0.9786250842799475,0.9609640855160843
2021-03-11,0.999806381660471,0.9782724225329081,0.9272148805926619,0.9318242585024583,0.9189011246550808
2021-03-12,0.9025230769230769,0.999806381660471,0.9586116422610131,0.9760894264067682,0.9742639728408198
2021-03-13,0.8657045780938035,0.9025230769230769,0.9617954141132911,0.9482910255333413,0.9029598068611039
2021-03-14,0.9834659736884847,0.8657045780938035,0.9594601222972782,0.9363244264426775,0.9497929434356873
2021-03-15,0.9872065943494515,0.9834659736884847,0.9104636605776457,0.9162435257502732,0.9148676037539454
2021-03-16,0.9903067696017789,0.9872065943494515,0.973665934835621,0.9921432553407125,0.967627641772558
2021-03-17,0.8228739193200435,0.9903067696017789,0.941418782444106,0.9454253798249261,0.9447693588368969
2021-03-18,0.9995277413850888,0.8228739193200435,0.9528001849225846,0.9242582550989398,0.9350891740686298
2021-03-19,0.9757938450363961,0.9995277413850888,0.9543413202805302,0.965591867982352,0.9681209982166836
2021-03-20,0.9803852440626903,0.9757938450363961,0.939541596655844,0.9447066998917483,0.9362561788424811
2021-03-21,0.8654885622686511,0.9803852440626903,0.9260620101966548,0.9358958949159605,0.9371953282283476
2021-03-22,0.9766410364901735,0.8654885622686511,0.9666031910259413,0.9520189816863267,0.9446631282809689
2021-03-23,0.9930051738590051,0.9766410364901735,0.9350255032862543,0.9374423054425897,0.9288589568340466
2021-03-24,0.9998272113349365,0.9930051738590051,0.9677855685187701,0.9817452766417076,0.9728082747120068
2021-03-25,0.9930077913182455,0.9998272113349365,0.960439249472816,0.9681538842245236,0.9781085933414143
2021-03-26,0.9925153928712648,0.9930077913182455,0.9169531740612129,0.9247946697727382,0.9579539377872569
2021-03-27,0.8003061182278236,0.9925153928712648,0.9479566701393597,0.9661497110671502,0.9610155193923385
2021-03-28,0.9789202283641927,0.8003061182278236,0.9514806611321106,0.915930983313755,0.853978708117213
2021-03-29,0.7365585082954045,0.9789202283641927,0.9174217484861243,0.9240283460365356,0.915013821070346
2021-03-30,0.7908385387090668,0.7365585082954045,0.923195771394592,0.8796495073629057,0.8715920798347458
2021-03-31,0.9972407122944758,0.7908385387090668,0.9357696815256884,0.9039021611000373,0.8690187636798165
2021-04-01,0.9944527356179428,0.9972407122944758,0.9414628958723913,0.9562632153476744,0.9529702433702447
2021-04-02,0.9930509545307469,0.9944527356179428,0.9497804719816166,0.9625387834556522,0.971867898620291
2021-04-03,0.8603637712290028,0.9930509545307469,0.9724263247765008,0.9828445162004515,0.9810543151784847
2021-04-04,0.8743418570702182,0.8603637712290028,0.9671820249630464,0.9402008344253866,0.9332993082570926
2021-04-05,0.9973338044682868,0.8743418570702182,0.9623348174850409,0.9399817817905348,0.939937245975954
2021-04-06,0.9995036399735275,0.9973338044682868,0.9670998511713078,0.9755265227625435,0.9699926680886379
2021-04-07,0.9703650505433752,0.9995036399735275,0.959126785811967,0.966928614095705,0.9774662706489812
2021-04-08,0.9870886426167018,0.9703650505433752,0.9446856799468939,0.9473915058667206,0.9455076146629379
2021-04-09,0.9708090320116353,0.9870886426167018,0.9455893326834803,0.9557986522013551,0.9466640448672208
2021-04-10,0.8533233542469505,0.9708090320116353,0.9564381987724181,0.9625103209161191,0.9684902434264164
2021-04-11,0.931942851830043,0.8533233542469505,0.9544586492512313,0.9296317897934591,0.9234855898271462
2021-04-12,0.979365668870237,0.931942851830043,0.94442429851248,0.9390031921652029,0.9237267087488853
2021-04-13,0.9790877253416007,0.979365668870237,0.9214200244041946,0.9298328236973142,0.9128409064193855
2021-04-14,0.8645727989829235,0.9790877253416007,0.9728389201511097,0.9867235156525093,0.9590197546619431
2021-04-15,0.938245810220267,0.8645727989829235,0.936553527714535,0.9104864004580242,0.904186344282969
2021-04-16,0.9951458479131613,0.938245810220267,0.909202990723434,0.9096104399139555,0.8780562578892404
2021-04-17,0.9973745662757102,0.9951458479131613,0.9493795882750141,0.9700719652714392,0.9647368266244571
2021-04-18,0.9964770884022709,0.9973745662757102,0.9507669396848994,0.9623226432209491,0.9680668849944138
2021-04-19,0.9968364759346205,0.9964770884022709,0.9226419941731228,0.9336475816151885,0.9593465981091168
2021-04-20,0.921613085018545,0.9968364759346205,0.9163324797556367,0.9341962119826682,0.9688264445858329
2021-04-21,0.9900789906451353,0.921613085018545,0.9497837663359863,0.9510551724591058,0.9445904435212749
2021-04-22,0.9438177974601509,0.9900789906451353,0.9748936880303148,0.984595529461066,0.9748539251781045
2021-04-23,0.9528216117929735,0.9438177974601509,0.9234835147497376,0.9160014032141863,0.870604446277223
2021-04-24,0.9846433622954132,0.9528216117929735,0.8624404158894406,0.8695041205907652,0.8502498852617585
2021-04-25,0.9581184182248013,0.9846433622954132,0.9514658604001061,0.9808885433291136,0.9465818049115499
2021-04-26,0.9878138403773433,0.9581184182248013,0.9739307904299139,0.9755325202187575,0.9630190009532409
2021-04-27,0.9533466166793384,0.9878138403773433,0.9626224772159446,0.965965085464798,0.9603499140367467
2021-04-28,0.952399474234824,0.9533466166793384,0.9637861301754905,0.9615527903789558,0.942151292000681
2021-04-29,0.9979629090716686,0.952399474234824,0.9481323252191476,0.9453907712941634,0.9200377358284404
2021-04-30,0.6754339970240205,0.9979629090716686,0.9518865955362222,0.9638842560835329,0.9586633455225883
2021-05-01,0.5784098990186317,0.6754339970240205,0.9148401087997825,0.8482788892044487,0.9027114510075641
2021-05-02,0.7847976170591838,0.5784098990186317,0.9130383267368138,0.8320363568068441,0.8679389975400055
2021-05-03,0.6420533751059885,0.7847976170591838,0.9214320705890159,0.8905556813495874,0.8818450418597046
2021-05-04,0.6959901464349254,0.6420533751059885,0.991019795416289,0.9237540623380633,0.9765668719778231
2021-05-05,0.43518246223766877,0.6959901464349254,0.9802997138072883,0.909265716085194,0.9558490428668232
2021-05-06,0.7688568555145827,0.43518246223766877,0.9307368596182943,0.7994895163768134,0.9155639089893568
2021-05-07,0.9870631932688178,0.7688568555145827,0.9280287921248044,0.8890531031306381,0.9001058925195493
2021-05-08,0.9578340871073664,0.9870631932688178,0.9542388609436548,0.9684525155064,0.9668875208895639
2021-05-09,0.9502073613271125,0.9578340871073664,0.9707304060187145,0.971596025077698,0.9599753481788685
2021-05-10,0.9458279118302565,0.9502073613271125,0.9794401083198003,0.9744987950826152,0.9800467911103203
2021-05-11,0.97979296177446,0.9458279118302565,0.975517998115929,0.9674252227046561,0.9699007882540167
2021-05-12,0.9861751152073733,0.97979296177446,0.92234291120694,0.9233721899924132,0.8913896935372604
2021-05-13,0.9861398325947809,0.9861751152073733,0.9440920461036112,0.9594608629300497,0.9460714266542338
2021-05-14,0.9800667242703532,0.9861398325947809,0.934864821998273,0.9449886260977773,0.9247068604559913
2021-05-15,0.9443141852286049,0.9800667242703532,0.9559717070384207,0.9668549244849225,0.9543920426437441
2021-05-16,0.8784891038771935,0.9443141852286049,0.9767293621174813,0.9739225920842226,0.9630265640160305
2021-05-17,0.9228176989376629,0.8784891038771935,0.9172670261834471,0.8936138160598118,0.8403136140847856
2021-05-18,0.6199548915278315,0.9228176989376629,0.9272411090550212,0.9285775390617693,0.8849051668796124
2021-05-19,0.9987460433406379,0.6199548915278315,0.950910838711138,0.8769258390637427,0.9126271040270142
2021-05-20,0.9767763339784351,0.9987460433406379,0.9326173499501605,0.9441345850091443,0.9488828910883748
2021-05-21,0.9996350269819337,0.9767763339784351,0.901846173752486,0.9124782888016165,0.8918397838352607
2021-05-22,0.9511616075970831,0.9996350269819337,0.9535669316305541,0.9771114574147595,0.9768975690319165
2021-05-23,0.9628389061310533,0.9511616075970831,0.9714440484152564,0.970864920919073,0.9566793105526328
2021-05-24,0.9850702351405982,0.9628389061310533,0.9599993252781273,0.9579274736539775,0.970867893211129
2021-05-25,0.9244407890301617,0.9850702351405982,0.9328020131008697,0.9388383113516062,0.9197087364941421
2021-05-26,0.711679077847053,0.9244407890301617,0.932415417066807,0.9304022933904469,0.8756893173850544
2021-05-27,0.7328205606729141,0.711679077847053,0.9093989428806294,0.8562524721057213,0.8171058838013813
2021-05-28,0.9996936939236533,0.7328205606729141,0.9575657976520636,0.9150511946525994,0.9066912378037846
2021-05-29,0.9936935610522184,0.9996936939236533,0.9516525778526975,0.9617956699050552,0.9617950507375905
2021-05-30,0.99397368097405,0.9936935610522184,0.9883311012659433,0.9984532673436245,0.9790920688149247
2021-05-31,0.9971652911220932,0.99397368097405,0.9075501111365565,0.908908669489984,0.9519830605738736
2021-06-01,0.6979327368096266,0.9971652911220932,0.8880686007778545,0.9096451593133656,0.9252731347309492
2021-06-02,0.8025211749626714,0.6979327368096266,0.9559920468844773,0.9102132223675533,0.8955673408615114
2021-06-03,0.8465224373620922,0.8025211749626714,0.9737698176101811,0.9368187870810765,0.9697082855746815
2021-06-04,0.9958523054377977,0.8465224373620922,0.9738987833311344,0.9432615570391553,0.9458257928888572
2021-06-05,0.7916867719032191,0.9958523054377977,0.9728708413077665,0.9781565691819001,0.9722206779984051
2021-06-06,0.8614768830705299,0.7916867719032191,0.9731925752965076,0.9295690655313065,0.9422700249476651
2021-06-07,0.8579466711015022,0.8614768830705299,0.9916599849248776,0.9647623078456375,0.993114794197339
2021-06-08,0.9612917582992984,0.8579466711015022,0.9619432497025109,0.9297492269582297,0.9501669917316956
2021-06-09,0.9947273466483711,0.9612917582992984,0.968936557856516,0.9687796989136553,0.966017049787427
2021-06-10,0.987584623396298,0.9947273466483711,0.9759921812874858,0.9822018040783375,0.9807320055519546
2021-06-11,0.9441625586148852,0.987584623396298,0.9837488993644041,0.9865400002222128,0.9854722003342476
2021-06-12,0.7469169772619255,0.9441625586148852,0.9830937608777919,0.9735625966428203,0.9812177932491953
2021-06-13,0.9313633539994398,0.7469169772619255,0.9467346885868918,0.8898706372371213,0.9126738294049067
2021-06-14,0.9834776440661384,0.9313633539994398,0.9639643764386928,0.9602634353643278,0.9448321296806877
2021-06-15,0.9250158916434403,0.9834776440661384,0.9522849757954858,0.9569831660044507,0.9464604722833245
2021-06-16,0.9909966810323476,0.9250158916434403,0.9563086051868974,0.9497430546795911,0.933604193632207
2021-06-17,0.9387578636056042,0.9909966810323476,0.9584492067089377,0.9668010205320468,0.9682778604626282
2021-06-18,0.9905449587840993,0.9387578636056042,0.9928292596690301,0.9880881944032963,0.9864575877513968
2021-06-19,0.9581770199994826,0.9905449587840993,0.9909663863947221,0.9904163975226986,0.98588472784602
2021-06-20,0.8406332977641016,0.9581770199994826,0.9949346421749768,0.9870399787542998,0.9782038126984273
2021-06-21,0.9918437166869128,0.8406332977641016,0.9661943099285396,0.929043327356986,0.9388579535271406
2021-06-22,0.9974638240898089,0.9918437166869128,0.983204003588653,0.9893795859666886,0.9799164547326599
2021-06-23,0.971430164949316,0.9974638240898089,0.9914410429688192,0.9948743658924436,0.9880529585853456
2021-06-24,0.9927291711764481,0.971430164949316,0.9946944044786739,0.9898764051061962,0.9866951636279662
2021-06-25,0.9893141966659246,0.9927291711764481,0.9672250158717859,0.9667518485870886,0.9735964246581725
2021-06-26,0.9964995497609295,0.9893141966659246,0.9686503757148294,0.9739687659974037,0.9678968192733333
2021-06-27,0.9896148390032387,0.9964995497609295,0.9867480260307253,0.9934532442099254,0.9823041149640729
2021-06-28,0.9922311631309437,0.9896148390032387,0.9789433126924586,0.9796335524255236,0.9752702170326121
2021-06-29,0.9998069920352046,0.9922311631309437,0.973396611246821,0.9765959138966998,0.9840385684264373
2021-06-30,0.9998480012159903,0.9998069920352046,0.9973189410799077,1.0036777424249217,0.9911632858205465
2021-07-01,0.9995560707327299,0.9998480012159903,0.9882091697612052,0.9888180890768259,0.9926197883217238
2021-07-02,0.99721814109203,0.9995560707327299,0.9963255930109532,0.9990575751712107,0.998829722479971
2021-07-03,0.9767527021439962,0.99721814109203,0.9938475918950798,0.9940624898166174,0.9961718833181019
2021-07-04,0.9771886408742313,0.9767527021439962,0.9963711171374409,0.9922551973855429,0.9875782538381402
2021-07-05,0.9994063026906364,0.9771886408742313,0.986005625014531,0.9813870791162135,0.973478376709707
2021-07-06,0.9520973836514086,0.9994063026906364,0.9869913913358258,0.9902178592884725,0.9832463624711539
2021-07-07,0.9807893859273021,0.9520973836514086,0.9872329383297106,0.9788315425007571,0.9704149882737034
2021-07-08,0.9975975902732893,0.9807893859273021,0.9794819955267596,0.9779305877673863,0.9745453621847577
2021-07-09,0.9993736028887961,0.9975975902732893,0.9923016924323655,0.9966633663197269,0.9436573594078358
2021-07-10,0.9928811868844283,0.9993736028887961,0.9891820331479806,0.9908847300565367,0.9859261809060035
2021-07-11,0.9988367875323636,0.9928811868844283,0.9807622093488233,0.9816528509470347,0.9839970183352871
2021-07-12,0.9959768544962377,0.9988367875323636,0.9698661751170138,0.9742179734869414,0.983573834602476
2021-07-13,0.9837731056864681,0.9959768544962377,0.9710194913766752,0.9773061339088747,0.9801463534286687
2021-07-14,0.9850076320078649,0.9837731056864681,0.9908696911764833,0.9939403663203483,0.9758490632237087
2021-07-15,0.9989255564082886,0.9850076320078649,0.9839569388264778,0.982545536619723,0.9796721723598059
2021-07-16,0.9996096602785263,0.9989255564082886,0.9825174145548287,0.9861213938527751,0.9853647412810164
2021-07-17,0.9993078626799557,0.9996096602785263,0.9878254907006668,0.9919407738526977,0.9933289288071264
2021-07-18,0.9844963226814956,0.9993078626799557,0.9738027627004093,0.9765673620816484,0.9909280803146975
2021-07-19,0.9997313961296624,0.9844963226814956,0.993736994468405,0.996311672362509,0.9828153005082103
2021-07-20,0.9974641365201093,0.9997313961296624,0.9936318452318542,0.9950751114100883,0.9946010360455714
2021-07-21,0.999902217224436,0.9974641365201093,0.9906863085618707,0.9916090055571734,0.990146305246194
2021-07-22,0.9969232685600398,0.999902217224436,0.9909853098782243,0.9932042151211514,1.0001101119035065
2021-07-23,0.9997891865079366,0.9969232685600398,0.9979890835313351,0.9994187599890548,0.9976480216696795
2021-07-24,0.9973991086146895,0.9997891865079366,0.9899776678576566,0.9904110768766516,0.9973714834521207
2021-07-25,0.9967498350480193,0.9973991086146895,0.9872504592365414,0.9890373122109793,0.9935196640940235
2021-07-26,0.9995735254048547,0.9967498350480193,0.9891106155427114,0.9913977708916183,0.9962502343424555
2021-07-27,0.9984369615517158,0.9995735254048547,0.9932885279117881,0.9958076724041469,1.000503734478047
2021-07-28,0.9967347453353504,0.9984369615517158,0.9954763840746567,0.9967159673664162,0.9975742443071791
2021-07-29,0.9971465435958513,0.9967347453353504,0.9810990180689646,0.9814019924691115,0.9927397836590544
2021-07-30,0.99980566958972,0.9971465435958513,0.9894319984714981,0.9932957453717092,0.9963153792121575
2021-07-31,0.999891203172032,0.99980566958972,0.9862725554579277,0.988770214025891,1.0000683934327506
2021-08-01,0.9997018670575522,0.999891203172032,0.9885665209257152,0.9918454693095191,1.0004946411868607
2021-08-02,0.999939071201394,0.9997018670575522,0.9907466812790551,0.9934277275891281,0.9994918516260245
2021-08-03,0.9999132460836804,0.999939071201394,0.9952461175833701,0.9974593602423996,0.9989793647675385
2021-08-04,0.9998149747132108,0.9999132460836804,0.9913922279162496,0.9925159278440514,1.0018119638848764
2021-08-05,0.9956134741796046,0.9998149747132108,0.972370953524477,0.9743988899669832,0.9923550289348084
2021-08-06,0.9996237821568957,0.9956134741796046,0.9818921060645514,0.9874881848484038,0.9908094029363917
2021-08-07,0.9996947962765146,0.9996237821568957,0.9783088084908573,0.9825780466623473,0.9928004711120879
2021-08-08,0.9992140258357314,0.9996947962765146,0.977203035943668,0.9823521191388525,0.9928416523726806
2021-08-09,0.990774398957106,0.9992140258357314,0.980518111338645,0.9858176756748133,0.9838155560248574
2021-08-10,0.9997566723016239,0.990774398957106,0.9708171961628025,0.9732865924212541,0.9739687504574097
2021-08-11,0.999720571051161,0.9997566723016239,0.9562353049834064,0.9632030341225666,0.9859796424611612
2021-08-12,0.9985286075158207,0.999720571051161,0.9395321660950233,0.950002070735003,0.9673238072880699
2021-08-13,0.9990810537250618,0.9985286075158207,0.9722060044262621,0.9864105194638721,0.9882583570995943
2021-08-14,0.9805177770107008,0.9990810537250618,0.9606929220665167,0.9671636011906772,0.9889152682245951
2021-08-15,0.9926879124195739,0.9805177770107008,0.9708912138277258,0.9756644246077548,0.9728148002209914
2021-08-16,0.9999336817253363,0.9926879124195739,0.9678616552872434,0.9731096249183239,0.9739180301521467
2021-08-17,0.9999079710240195,0.9999336817253363,0.9866338016648925,0.9943557518512968,0.9935237060771763
2021-08-18,0.9998066038344013,0.9999079710240195,0.989960810269154,0.9931568189390435,0.9958362482901444
2021-08-19,0.9999346302688004,0.9998066038344013,0.9629410377283446,0.965311599738301,0.9874848039310226
2021-08-20,0.9998023350815698,0.9999346302688004,0.9717671025968772,0.9806740134016851,0.991686960602461
2021-08-21,0.9899819567500606,0.9998023350815698,0.9886598774100431,0.9954098926960724,0.9971370826622818
2021-08-22,0.9898306029198708,0.9899819567500606,0.986507924324545,0.9868262400638326,0.9785688332858089
2021-08-23,0.9998306280875089,0.9898306029198708,0.9832821671278967,0.9840821651775387,0.9497980747865247
2021-08-24,0.9998751577866862,0.9998306280875089,0.9859398525538023,0.9899242091842897,0.9921838741042872
2021-08-25,0.9998334328109602,0.9998751577866862,0.9829524438072962,0.9863076335097111,0.9941190397918654
2021-08-26,0.9986464002707199,0.9998334328109602,0.9915892894134382,0.9956537084932598,0.9889508700853998
2021-08-27,0.995540413273503,0.9986464002707199,0.9888740682809256,0.9905732019045852,0.9933788788036715
2021-08-28,0.9964463499553996,0.995540413273503,0.9674812145114968,0.9690862638231589,0.9779828211477207
2021-08-29,0.9738540436198104,0.9964463499553996,0.965234958369542,0.9722088654742896,0.9809930989187071
2021-08-30,0.9766596518079205,0.9738540436198104,0.9526322850885803,0.9547074937469237,0.9577824996751463
2021-08-31,0.9382485988221572,0.9766596518079205,0.9683942032103943,0.974179248607365,0.9182954673258314
2021-09-01,0.9526231225986727,0.9382485988221572,0.9850251440734549,0.9777670166247778,0.9623606367897263
2021-09-02,0.9983007165311961,0.9526231225986727,0.9723484704175843,0.9645470676515311,0.9580055989364311
2021-09-03,0.9899279338653523,0.9983007165311961,0.9532724209197412,0.9595209176307751,0.9618145608732587
2021-09-04,0.9968164398442922,0.9899279338653523,0.971504982447898,0.9803304941619604,0.9720478732812822
2021-09-05,0.8978387456249117,0.9968164398442922,0.915007773716092,0.9211019883594207,0.9578454868789235
2021-09-06,0.9976682057538182,0.8978387456249117,0.9198893700952266,0.915755600128275,0.8597444368298325
2021-09-07,0.9988845005878983,0.9976682057538182,0.9323507442714714,0.9510774778525717,0.9610436171156739
2021-09-08,0.9926703186482524,0.9988845005878983,0.9620626602069118,0.978081927121072,0.9744615497581194
2021-09-09,0.967576738194728,0.9926703186482524,0.9745427473242511,0.981912123071765,0.9861934523249464
2021-09-10,0.9762235694218542,0.967576738194728,0.9400265529377717,0.9383493537872895,0.9290517075721901
2021-09-11,0.9984138385108038,0.9762235694218542,0.9678525827873643,0.9765677027604058,0.963119766714465
2021-09-12,0.992755833460424,0.9984138385108038,0.9437405081321165,0.9510987115429889,0.9492941482825498
2021-09-13,0.9983153186731272,0.992755833460424,0.8854573473123284,0.8972587188685093,0.9673345864724955
2021-09-14,0.9892318296699087,0.9983153186731272,0.9589457769952479,0.9861184794956314,0.9798441642701237
2021-09-15,0.994012897665184,0.9892318296699087,0.9611085716500101,0.9684005146941446,0.9643330713154988
2021-09-16,0.9993467031297478,0.994012897665184,0.9755760482796629,0.9834983904146954,0.9840450185268399
2021-09-17,0.999463175317994,0.9993467031297478,0.9568431379476501,0.9625663750809468,0.9758178309167469
2021-09-18,0.9940826588177581,0.999463175317994,0.9558810915493106,0.9661426759288243,0.9819540618715364
2021-09-19,0.9998190891136874,0.9940826588177581,0.9564947710743216,0.9656925247634728,0.9807697894656181
2021-09-20,0.9469699306090978,0.9998190891136874,0.9689905282753701,0.9794216816172296,0.9921358375881812
2021-09-21,0.968527662528199,0.9469699306090978,0.9011167619866611,0.8958148843961687,0.8964136239186473
2021-09-22,0.9097979976537517,0.968527662528199,0.9403222499381806,0.9565527060026638,0.9271292791732522
2021-09-23,0.9875529404157641,0.9097979976537517,0.9467969448052883,0.9394476506759457,0.9153730777750465
2021-09-24,0.9978364549445691,0.9875529404157641,0.9176401338118323,0.9274529146945397,0.922539172400916
2021-09-25,0.9973344334084346,0.9978364549445691,0.9501892088133033,0.9694979979886685,0.9633984113221953
2021-09-26,0.9563712928656537,0.9973344334084346,0.9259171151489761,0.9372682243953208,0.9640381941578312
2021-09-27,0.9996024647187437,0.9563712928656537,0.9048069839736875,0.9121394063184376,0.9004037427420354
2021-09-28,0.9959482701594232,0.9996024647187437,0.9276925941172209,0.9505164085594586,0.971417680717796
2021-09-29,0.9893620648504893,0.9959482701594232,0.8998198529315151,0.916253704760448,0.9406962484890612
2021-09-30,0.990681680504579,0.9893620648504893,0.9515288434114647,0.9730878334975271,0.965933832181658
2021-10-01,0.9987459561629893,0.990681680504579,0.9155183166086894,0.92494510659569,0.9571600637498233
2021-10-02,0.9996922965537215,0.9987459561629893,0.9488312537899647,0.9688698905131805,0.9690718943304976
2021-10-03,0.9977345368971936,0.9996922965537215,0.9114377656193513,0.9236835287428137,0.9629134264566841
2021-10-04,0.9922500317621649,0.9977345368971936,0.9576737510758696,0.9784513396183743,0.9843909216566442
2021-10-05,0.9947749815839515,0.9922500317621649,0.9389530732124812,0.9472779702253368,0.9663007173939481
2021-10-06,0.9793957473377503,0.9947749815839515,0.9716885055142811,0.9851286913593059,0.9832485950711104
2021-10-07,0.997020157756354,0.9793957473377503,0.9758604289708295,0.9777160939862684,0.9399142118388983
2021-10-08,0.9989959479327285,0.997020157756354,0.9248765816645773,0.9299711887033635,0.9577359484618793
2021-10-09,0.9991406012210624,0.9989959479327285,0.9393817564018148,0.957227403145568,0.9621372615194959
2021-10-10,0.9968735014865253,0.9991406012210624,0.9114945418402893,0.9258826199925078,0.9694767502305327
2021-10-11,0.9886810052558881,0.9968735014865253,0.892512695374894,0.9130693033157068,0.9732062144080017
2021-10-12,0.9884585548597052,0.9886810052558881,0.9390711649647472,0.962225514124603,0.9561140156148793
2021-10-13,0.9173976898344779,0.9884585548597052,0.9410908410331335,0.9529817942082167,0.9434255338634546
2021-10-14,0.9942176206290292,0.9173976898344779,0.9489472886250021,0.943242711969451,0.9217807844873488
2021-10-15,0.9905795242109893,0.9942176206290292,0.9675752358975658,0.978474929103165,0.9737472168766289
2021-10-16,0.9881336488133649,0.9905795242109893,0.9605774956510061,0.9661162154688145,0.9634483805518816
2021-10-17,0.8459923591935544,0.9881336488133649,0.9430885781732622,0.9497232460031667,0.9451913248714147
2021-10-18,0.9860167022722859,0.8459923591935544,0.9487381628338079,0.9253604019150596,0.916134953077777
2021-10-19,0.9953483627460981,0.9860167022722859,0.9386596904203771,0.9476352076088992,0.9240675725824432
2021-10-20,0.9996655098883638,0.9953483627460981,0.8909486993635161,0.9045975751112826,0.9234544328872831
2021-10-21,0.9996714444125016,0.9996655098883638,0.8924980367701734,0.9186736760587629,0.9732611728047804
2021-10-22,0.9953126003296161,0.9996714444125016,0.9322071833859659,0.9580112190841378,0.9750936589325457
2021-10-23,0.7973377406530575,0.9953126003296161,0.9708495987699012,0.9860434277932012,0.9857110949808618
2021-10-24,0.9940999874911396,0.7973377406530575,0.9190060691992267,0.877229790181904,0.8675924221540526
2021-10-25,0.9786067787921209,0.9940999874911396,0.9339755264462462,0.9520558151199714,0.9547649821708328
2021-10-26,0.8358128770972808,0.9786067787921209,0.9860920996031454,0.9968379222295057,0.9728533308646812
2021-10-27,0.9448400825923897,0.8358128770972808,0.9087879123509477,0.8726053321051433,0.8574955788191931
2021-10-28,0.9916051336146273,0.9448400825923897,0.9181932629310008,0.9268735084170024,0.8775529174631134
2021-10-29,0.9902662157474852,0.9916051336146273,0.946633145529417,0.9643084492587883,0.9557179821462463
2021-10-30,0.998842763060997,0.9902662157474852,0.9768325030049552,0.987337994304489,0.9727384591888505
2021-10-31,0.9990850869167428,0.998842763060997,0.9569093846055092,0.962208773219778,0.9664602734903788
2021-11-01,0.9960164537778741,0.9990850869167428,0.9437348162026784,0.9538894184680702,0.961634874782238
2021-11-02,0.9934681791460732,0.9960164537778741,0.9484572751512211,0.9610450734869009,0.9740928736782029
2021-11-03,0.9952979378400033,0.9934681791460732,0.9676014021182417,0.9784386330978363,0.9763009856645918
2021-11-04,0.9872225205871822,0.9952979378400033,0.9427045905311738,0.9493730581315057,0.964729354980646
2021-11-05,0.9104615692353853,0.9872225205871822,0.9227004292580278,0.9334189673883788,0.9263307426016748
2021-11-06,0.9975225496091401,0.9104615692353853,0.9387283562678009,0.9357816180061683,0.912513973500958
2021-11-07,0.9432552596598982,0.9975225496091401,0.9750855020741308,0.9892413220410415,0.9799544772351709
2021-11-08,0.9976439910334416,0.9432552596598982,0.9792570976485551,0.9715933615632061,0.9616318628524635
2021-11-09,0.9731827805222301,0.9976439910334416,0.9303713108033205,0.9347983049963716,0.9572282162258148
2021-11-10,0.9988096574957889,0.9731827805222301,0.9215498690576555,0.9318575444150045,0.9177824757858383
2021-11-11,0.9906260387811634,0.9988096574957889,0.9357528088850694,0.9543545719786171,0.9592182676211273
2021-11-12,0.9517135711227777,0.9906260387811634,0.9801357993995541,0.9933475728633435,0.9705286549322577
2021-11-13,0.9807835029686174,0.9517135711227777,0.930108050411284,0.9232648585299252,0.9011341343940344
2021-11-14,0.9812519112700242,0.9807835029686174,0.9730596914098608,0.9852607701622919,0.964569899291957
2021-11-15,0.9243497693880462,0.9812519112700242,0.940330202944238,0.9423026356434427,0.921574277242309
2021-11-16,0.9841724885569743,0.9243497693880462,0.953509324679016,0.9496617314464446,0.9219244824316583
2021-11-17,0.9431867235838649,0.9841724885569743,0.9457132622649453,0.9530960020017122,0.9404512945419814
2021-11-18,0.9976879513690445,0.9431867235838649,0.8870979501607223,0.8864896379333367,0.8638482881967873
2021-11-19,0.7978527143505216,0.9976879513690445,0.9584019603021908,0.9850286058649037,0.9656166344782837
2021-11-20,0.880554540232886,0.7978527143505216,0.9734636457976222,0.9348083621317584,0.9254889809388864
2021-11-21,0.971715374841169,0.880554540232886,0.970026823749514,0.9476571899997068,0.9533732167604118
2021-11-22,0.8501285212191155,0.971715374841169,0.913818552283478,0.9142251030651108,0.9080299847043427
2021-11-23,0.9916190778341794,0.8501285212191155,0.8974658540093033,0.8821312680205174,0.8459031148305378
2021-11-24,0.900468259458309,0.9916190778341794,0.8063938150791259,0.8290629939558786,0.9563731916579152
2021-11-25,0.9884725481599919,0.900468259458309,0.8788936965757533,0.9015439078030334,0.8635609313879674
2021-11-26,0.5966217304903593,0.9884725481599919,0.9495018445322537,0.9758850365968458,0.9468075200884525
2021-11-27,0.8206494725796654,0.5966217304903593,0.9824638958955588,0.8975012987343234,0.9219733434556222
2021-11-28,0.7257758074730842,0.8206494725796654,0.9401134428993436,0.9011535437268057,0.9543321852114186
2021-11-29,0.9998805713466773,0.7257758074730842,0.9385617317179746,0.8869558705470869,0.9119597905539151
2021-11-30,0.9755084245890288,0.9998805713466773,0.9077470030875548,0.9225106796520817,0.9585587574982076
2021-12-01,0.995212215320911,0.9755084245890288,0.918320898238402,0.9346357488888383,0.9093289094755982
2021-12-02,0.9953529657477026,0.995212215320911,0.931339630140719,0.9498526767492407,0.962782069550515
2021-12-03,0.9705644754114915,0.9953529657477026,0.9521680771984272,0.9675805049032012,0.9483319114206769
2021-12-04,0.9913701472895683,0.9705644754114915,0.9414621537182797,0.9458914363794406,0.9319413578844549
2021-12-05,0.9999495738994504,0.9913701472895683,0.9363735856384703,0.9483898840474521,0.9600206194574875
2021-12-06,0.995352913059642,0.9999495738994504,0.9576756459159718,0.9729827739314195,0.9757002102755151
2021-12-07,0.9998251922884827,0.995352913059642,0.9312170024448998,0.9402885209099042,0.9605677589359272
2021-12-08,0.9989265028959455,0.9998251922884827,0.9107078447278489,0.9272265709572047,0.9848821492717882
2021-12-09,0.9998203792563701,0.9989265028959455,0.9448144951410009,0.9660548144953266,0.9679487541368267
2021-12-10,0.9955364094046815,0.9998203792563701,0.9240601705308054,0.9373038830201889,0.9824180122139442
2021-12-11,0.9948193446738056,0.9955364094046815,0.9256579967266458,0.9428672602934798,0.9721506707877265
2021-12-12,0.9985982544300449,0.9948193446738056,0.9501767387166155,0.9668286482772233,0.9368074134596327
2021-12-13,0.99994845095108,0.9985982544300449,0.9501554437355283,0.9618138443361587,0.9707691448007396
2021-12-14,0.9912631962140516,0.99994845095108,0.9456274405281014,0.9576160537855749,0.9771753973185542
2021-12-15,0.969931542917325,0.9912631962140516,0.9044443606791803,0.9154320365844132,0.9640106442696262
2021-12-16,0.9817995456812012,0.969931542917325,0.9331721245223882,0.9489394088275144,0.9520376519094155
2021-12-17,0.7155861696380335,0.9817995456812012,0.9188514012545582,0.930559377506276,0.9184627626303611
2021-12-18,0.9916856050108086,0.7155861696380335,0.9741361132529015,0.9251961438312477,0.9364215306613234
2021-12-19,0.9953584885054333,0.9916856050108086,0.986541373480684,0.9907667473095829,0.9859437115361837
2021-12-20,0.9955045643840149,0.9953584885054333,0.9365765596320703,0.9386994477239822,0.9586225802357026
2021-12-21,0.9950622702584079,0.9955045643840149,0.8792746671241846,0.8934627047325051,0.9424420134189574
2021-12-22,0.9057435314188229,0.9950622702584079,0.9485862146913068,0.976464281745519,0.9723722451994409
2021-12-23,0.8065121569742641,0.9057435314188229,0.9626482654959274,0.9523330748820571,0.929150859532327
2021-12-24,0.9936861094407697,0.8065121569742641,0.9453368173164293,0.9077440803987743,0.928153097458162
2021-12-25,0.9074652284984388,0.9936861094407697,0.9461731707302221,0.9578141821285112,0.9592847148206903
2021-12-26,0.9762206721623335,0.9074652284984388,0.8870622050684145,0.8777425319785647,0.8496631061359787
2021-12-27,0.9354099612677976,0.9762206721623335,0.878511773610317,0.8999783698331764,0.9064297754139471
2021-12-28,0.995434633451206,0.9354099612677976,0.934511026548957,0.9482103470965948,0.8832968281810164
2021-12-29,0.9957914671997475,0.995434633451206,0.8623941758960059,0.8770626926666355,0.9040500294717434
2021-12-30,0.9955277512085412,0.9957914671997475,0.8993000201004644,0.9314179544142529,0.9451941406441121
2021-12-31,0.9998650872885243,0.9955277512085412,0.9779060901027097,1.0010747460528282,0.975416399034237
2022-01-01,0.9999472337282009,0.9998650872885243,0.9445629234433777,0.9498499695469208,0.9638760912243948
2022-01-02,0.9998722893412685,0.9999472337282009,0.9672735773857658,0.9806084031708868,0.9731506419993279
2022-01-03,0.9895057899090157,0.9998722893412685,0.9665662551007913,0.9744150148399748,0.9750744842162302
2022-01-04,0.9946204730894957,0.9895057899090157,0.9596783873667318,0.9652015165469324,0.967327300852263
2022-01-05,0.9983536298541786,0.9946204730894957,0.9729899931461571,0.9814029646770042,0.969482267465121
2022-01-06,0.645568337302995,0.9983536298541786,0.9831339804615734,0.9892407582663202,0.9772449472411211
2022-01-07,0.9941042173662159,0.645568337302995,0.9610484543221025,0.8797731072172479,0.9590526290552255
2022-01-08,0.9998784312772011,0.9941042173662159,0.9421012841411461,0.950060087620338,0.95042209010752
2022-01-09,0.9643763466602826,0.9998784312772011,0.9608551659293535,0.9747661126841012,0.9891358841517525
2022-01-10,0.9997645643131817,0.9643763466602826,0.9365265460200908,0.937374337233223,0.9312874736818669
2022-01-11,0.9953996702653831,0.9997645643131817,0.9141471021830706,0.9293728575025467,0.9664602036066049
2022-01-12,0.994465951955529,0.9953996702653831,0.9481093665968667,0.9676724673089511,0.9699706720697371
2022-01-13,0.9998772704958273,0.994465951955529,0.9473808209358677,0.9585420502907496,0.9724404344430828
2022-01-14,0.9136490250696379,0.9998772704958273,0.9532192196658188,0.9658587380712919,0.9764729804522454
2022-01-15,0.9998797787929792,0.9136490250696379,0.9551090311454344,0.9455817544038839,0.8897766113456946
2022-01-16,0.9999285271834945,0.9998797787929792,0.9649005162074866,0.9756799249801047,0.9754666031087671
2022-01-17,0.9934967604680398,0.9999285271834945,0.9053663115039288,0.9137999711732876,0.964668628445611
2022-01-18,0.9997875705147875,0.9934967604680398,0.9098229856906813,0.9310420670019269,0.9533322319912495
2022-01-19,0.9945409664862813,0.9997875705147875,0.9268220176781149,0.9484827020721379,0.9723693031818975
2022-01-20,0.9959835562065871,0.9945409664862813,0.893863210476856,0.9101678350187975,0.951005241381547
2022-01-21,0.9624432129010775,0.9959835562065871,0.9105530228840225,0.9351404378471994,0.9562785634882861
2022-01-22,0.9978968263345701,0.9624432129010775,0.9603209310395425,0.9728144809325682,0.9666619937560458
2022-01-23,0.9952661623427854,0.9978968263345701,0.9522943344999164,0.9613414457648634,0.9234637761591521
2022-01-24,0.8971303867957657,0.9952661623427854,0.9787318432981628,0.989078127922924,0.9831478101161952
2022-01-25,0.9988127745458862,0.8971303867957657,0.9553696397473957,0.935722537514369,0.9367584424368077
2022-01-26,0.9830300830346205,0.9988127745458862,0.9145120506285048,0.92497181136432,0.9489400703479292
2022-01-27,0.7573663068602589,0.9830300830346205,0.9546481321588121,0.971145151270833,0.9456148737409161
2022-01-28,0.9879502059983167,0.7573663068602589,0.945486747176545,0.8979873965951625,0.9284544433975456
2022-01-29,0.9996314443047306,0.9879502059983167,0.9642115105653762,0.9744353956821176,0.9687923190141058
2022-01-30,0.9958333333333335,0.9996314443047306,0.9374205840344665,0.9459486065611684,0.943852457667262
2022-01-31,0.9858726315555654,0.9958333333333335,0.9349915578188617,0.9490555378797235,0.9601229147384688
2022-02-01,0.999839787604138,0.9858726315555654,0.9142196013039318,0.9264701872650025,0.9395819270643727
2022-02-02,0.9997909349389529,0.999839787604138,0.9209207607048085,0.9415354485492777,0.9536718584789342
2022-02-03,0.9900553851221973,0.9997909349389529,0.9165966442494361,0.9355861383434458,0.9637026826902119
2022-02-04,0.990555567189496,0.9900553851221973,0.9593406648479268,0.9770272534665277,0.9665898405026737
2022-02-05,0.9442706792341181,0.990555567189496,0.9646667193976614,0.9721823006603652,0.9679941421391386
2022-02-06,0.841393587033122,0.9442706792341181,0.9475718763058276,0.9426611418236522,0.9203374241519394
2022-02-07,0.8152366036469404,0.841393587033122,0.9476889008465708,0.922124458817188,0.9148881959397649
2022-02-08,0.9998442020921433,0.8152366036469404,0.9193033477696841,0.8874129387546938,0.8523085354512836
2022-02-09,0.9928773687649749,0.9998442020921433,0.94882182158958,0.9682135636813671,0.9782534684648455
2022-02-10,0.9391589621234714,0.9928773687649749,0.9464938924786858,0.9571011031387245,0.9658619339669251
2022-02-11,0.9631459664740591,0.9391589621234714,0.9011541819042986,0.8993881579540178,0.8581340162167186
2022-02-12,0.9675118698858473,0.9631459664740591,0.9601917660056158,0.9751174668601598,0.9517988109080614
2022-02-13,0.9050965343566375,0.9675118698858473,0.9440551382643825,0.9458175924588987,0.9233723978205892
2022-02-14,0.9845695845832195,0.9050965343566375,0.9452933205788977,0.9359132959244484,0.9146098114227045
2022-02-15,0.9901801325580452,0.9845695845832195,0.9314103052407623,0.9408668126034905,0.9222054713548581
2022-02-16,0.999781726903978,0.9901801325580452,0.9791418476051568,0.9932918009884774,0.9655427677590807
2022-02-17,0.9983148772267694,0.999781726903978,0.9107788758785897,0.9157483192689704,0.9496418979563
2022-02-18,0.9751471673827865,0.9983148772267694,0.9466404499338134,0.9677164066786238,0.9634043285043471
2022-02-19,0.7303286565443013,0.9751471673827865,0.913708437751388,0.9205719720074406,0.92956716459246
2022-02-20,0.9792431842508447,0.7303286565443013,0.8960753963672692,0.8519232272360739,0.8056884840759695
2022-02-21,0.9658431105594041,0.9792431842508447,0.8740110756253802,0.8940353019208421,0.9029018446522934
2022-02-22,0.9772363053613053,0.9658431105594041,0.9083586453598539,0.9304689538757644,0.8949607925439443
2022-02-23,0.8488919845299412,0.9772363053613053,0.9585533229705502,0.9751369292641514,0.9576530036906179
2022-02-24,0.9971583800979377,0.8488919845299412,0.9775079650095497,0.9511049126658713,0.9631679160059611
2022-02-25,0.8030761472516389,0.9971583800979377,0.9546405342832898,0.959371745351215,0.9731871468648998
2022-02-26,0.9887613843351548,0.8030761472516389,0.960139964733043,0.9236479566913801,0.9156735462113184
2022-02-27,0.8151214851726271,0.9887613843351548,0.9534779504925378,0.9603691014729192,0.9600213444948024
2022-02-28,0.5147752620462307,0.8151214851726271,0.9382005570453978,0.9048886072928752,0.8903998749798265
2022-03-01,0.8351333396602447,0.5147752620462307,0.9590208514631797,0.8570731606317817,0.9486136459726954
2022-03-02,0.9997495700953303,0.8351333396602447,0.9547877735337116,0.9249594994548528,0.9493925676745364
2022-03-03,0.9933649447916492,0.9997495700953303,0.9538181955639751,0.9646436029952838,0.9847163281444061
2022-03-04,0.9863402104841803,0.9933649447916492,0.9423829105996884,0.9519045424229777,0.9543581559346586
2022-03-05,0.9958175338096245,0.9863402104841803,0.9493763731909761,0.959959928947644,0.9536200774526844
2022-03-06,0.9775290229360084,0.9958175338096245,0.9133710402152027,0.9245526326720505,0.9447838755585175
2022-03-07,0.885772282708987,0.9775290229360084,0.9561236745000837,0.9715709287478483,0.9629127387097411
2022-03-08,0.9913889491514108,0.885772282708987,0.9349172100060505,0.9179787747623758,0.8824377775970985
2022-03-09,0.9984115148961,0.9913889491514108,0.8889641580057875,0.9025608029655883,0.9296983081060485
2022-03-10,0.824488726605865,0.9984115148961,0.9591280242115572,0.9854795564283304,0.9695296960889744
2022-03-11,0.999699133822109,0.824488726605865,0.9272148805926619,0.894797909646019,0.8726754317528318
2022-03-12,0.8685583509378401,0.999699133822109,0.9586116422610131,0.976063604450459,0.9691313605707098
2022-03-13,0.9914907883393467,0.8685583509378401,0.9617954141132911,0.9401133719429414,0.9326647822729632
2022-03-14,0.9897881565435667,0.9914907883393467,0.9594601222972782,0.9666098482736787,0.9717869362603654
2022-03-15,0.9939492114917337,0.9897881565435667,0.9104636605776457,0.9177657114833923,0.9496025258093034
2022-03-16,0.5319271985031468,0.9939492114917337,0.973665934835621,0.9937666686226639,0.9734316624880677
2022-03-17,0.9916458339925952,0.5319271985031468,0.941418782444106,0.8350617823977009,0.8939706961191376
2022-03-18,0.9793716129237321,0.9916458339925952,0.9528001849225846,0.9648933026061848,0.9709602243509505
2022-03-19,0.9957189955221677,0.9793716129237321,0.9543413202805302,0.9607388968041884,0.9417285201933996
2022-03-20,0.9973855272818438,0.9957189955221677,0.939541596655844,0.9495040587304462,0.9280925021709931
2022-03-21,0.9492796206610062,0.9973855272818438,0.9260620101966548,0.939989036346436,0.9397132305534085
2022-03-22,0.9998211890925346,0.9492796206610062,0.9666031910259413,0.972193272207719,0.9651160986696744
2022-03-23,0.9980968142325195,0.9998211890925346,0.9350255032862543,0.9430233679318648,0.9619569872795823
2022-03-24,0.9910056300636243,0.9980968142325195,0.9677855685187701,0.982971185874704,0.9742277275840993
2022-03-25,0.9451386698371873,0.9910056300636243,0.960439249472816,0.9660299207988299,0.9743942992642026
2022-03-26,0.9824886454934495,0.9451386698371873,0.9169531740612129,0.9132692685868427,0.8968779505220279
2022-03-27,0.9901185087931451,0.9824886454934495,0.9479566701393597,0.9637355809861401,0.9481692309695657
2022-03-28,0.9869704696882454,0.9901185087931451,0.9514806611321106,0.9616319254583664,0.9567699714625383
2022-03-29,0.6583996565503122,0.9869704696882454,0.9174217484861243,0.9259665947035745,0.915490735530763
2022-03-30,0.5235808888808363,0.6583996565503122,0.923195771394592,0.860831277683308,0.9002325076755722
2022-03-31,0.9981273684365737,0.5235808888808363,0.9357696815256884,0.8395548002342486,0.8838268981716525
2022-04-01,0.9987257935785597,0.9981273684365737,0.9414628958723913,0.9564766946728729,0.9719476781760037
2022-04-02,0.9978805670915081,0.9987257935785597,0.9497804719816166,0.9635676034081175,0.9686805614192576
2022-04-03,0.9963777040439311,0.9978805670915081,0.9724263247765008,0.9840073372552988,0.9863232866461118
2022-04-04,0.9928668132124088,0.9963777040439311,0.9671820249630464,0.9729487749361352,0.9816176949855112
2022-04-05,0.9923539147956247,0.9928668132124088,0.9623348174850409,0.9685189186297802,0.9789727870872034
2022-04-06,0.9099839172526883,0.9923539147956247,0.9670998511713078,0.9743275196356188,0.9815101760694103
2022-04-07,0.9999722110294424,0.9099839172526883,0.959126785811967,0.9453750387117059,0.9211142546460961
2022-04-08,0.9999056120385102,0.9999722110294424,0.9446856799468939,0.954519992707912,0.9669394010684393
2022-04-09,0.9997775335008374,0.9999056120385102,0.9455893326834803,0.9588845812930797,0.9747869561712252
2022-04-10,0.9909369145932825,0.9997775335008374,0.9564381987724181,0.9694850384602749,0.924864351473569
2022-04-11,0.990642186773196,0.9909369145932825,0.9544586492512313,0.9627648710479065,0.9671144442588682
2022-04-12,0.951463445807771,0.990642186773196,0.94442429851248,0.953136173169101,0.9658467940458304
2022-04-13,0.797411822089443,0.951463445807771,0.9214200244041946,0.9231148329587435,0.8837699965883309
2022-04-14,0.92218106264609,0.797411822089443,0.9728389201511097,0.9429815875367069,0.9023979354156159
2022-04-15,0.8102303946903137,0.92218106264609,0.936553527714535,0.924356685305503,0.91558224199557
2022-04-16,0.7722899495440159,0.8102303946903137,0.909202990723434,0.8787882945243507,0.8456142628093845
2022-04-17,0.9930419713539274,0.7722899495440159,0.9493795882750141,0.9164151703297583,0.9124654486228131
2022-04-18,0.9997806479916389,0.9930419713539274,0.9507669396848994,0.96127948861304,0.9640443220018327
2022-04-19,0.9474286931742523,0.9997806479916389,0.9226419941731228,0.9344429764006149,0.96295650851935
2022-04-20,0.7693320171108918,0.9474286931742523,0.9163324797556367,0.9223003488374851,0.8903183349261881
2022-04-21,0.9979757899111225,0.7693320171108918,0.9497837663359863,0.9143906098694875,0.9166355154168014
2022-04-22,0.9999746614131331,0.9979757899111225,0.9748936880303148,0.9864968340350595,0.9784104758804038
2022-04-23,0.9978840012091422,0.9999746614131331,0.9234835147497376,0.9295222359843466,0.9710347215847225
2022-04-24,0.9922035009148256,0.9978840012091422,0.8624404158894406,0.8803537476644918,0.9154753896918533
2022-04-25,0.8387561270053671,0.9922035009148256,0.9514658604001061,0.9827087904511376,0.9015523908151037
2022-04-26,0.9953686140617097,0.8387561270053671,0.9739307904299139,0.9467937790384742,0.9596009536597899
2022-04-27,0.9483251806841455,0.9953686140617097,0.9626224772159446,0.9677840408767001,0.9752422040721728
2022-04-28,0.8181879454732336,0.9483251806841455,0.9637861301754905,0.960343784184915,0.9514631382626084
2022-04-29,0.7747486465583913,0.8181879454732336,0.9481323252191476,0.9130767938303871,0.9328270913156237
2022-04-30,0.8695243900429976,0.7747486465583913,0.9518865955362222,0.9101411781601725,0.9145377194886316
2022-05-01,0.9906937283821706,0.8695243900429976,0.9148401087997825,0.8950098417822396,0.8536192516452328
2022-05-02,0.9993077755682532,0.9906937283821706,0.9130383267368138,0.9313015279412742,0.9376523354005084
2022-05-03,0.995794563150804,0.9993077755682532,0.9214320705890159,0.9422030807330367,0.9544996925688295
2022-05-04,0.9635635151124019,0.995794563150804,0.991019795416289,1.0089239794380684,0.9973745521978591
2022-05-05,0.9982879993867461,0.9635635151124019,0.9802997138072883,0.9736890922670556,0.9866987728170739
2022-05-06,0.9983576712032286,0.9982879993867461,0.9307368596182943,0.935067881403011,0.9605896093158289
2022-05-07,0.9882307663658145,0.9983576712032286,0.9280287921248044,0.9443097882642595,0.9615726484903966
2022-05-08,0.9650206269607964,0.9882307663658145,0.9542388609436548,0.9687336309298796,0.9653308673846441
2022-05-09,0.9994823885872995,0.9650206269607964,0.9707304060187145,0.9733263211931591,0.9703321356961364
2022-05-10,0.8495058859579684,0.9994823885872995,0.9794401083198003,0.9863626948169004,0.9787522247729791
2022-05-11,0.9959283689962006,0.8495058859579684,0.975517998115929,0.9442338634971217,0.9424843866494946
2022-05-12,0.9991055780504018,0.9959283689962006,0.92234291120694,0.9272570960816537,0.9596551411361625
2022-05-13,0.9994448333293104,0.9991055780504018,0.9440920461036112,0.9625741177209108,0.9702393366183008
2022-05-14,0.9996488211288586,0.9994448333293104,0.934864821998273,0.9481920580075267,0.9745418744703471
2022-05-15,0.8883749651890687,0.9996488211288586,0.9559717070384207,0.9715696866399924,0.9860663685471311
2022-05-16,0.9972153241555559,0.8883749651890687,0.9767293621174813,0.9604541612245324,0.9676110441336799
2022-05-17,0.9982820363917926,0.9972153241555559,0.9172670261834471,0.9221994110667014,0.9532834587047431
2022-05-18,0.9982886199381934,0.9982820363917926,0.9272411090550212,0.9467470131919935,0.9547699226045997
2022-05-19,0.9961483859021047,0.9982886199381934,0.950910838711138,0.9680168778623235,0.97423596021736
2022-05-20,0.999948441648836,0.9961483859021047,0.9326173499501605,0.9435091495886411,0.9726747912249591
2022-05-21,0.9997675044663614,0.999948441648836,0.901846173752486,0.918057414320555,0.9803126864733831
2022-05-22,0.9978781970409452,0.9997675044663614,0.9535669316305541,0.9771433538880786,0.9792695412807205
2022-05-23,0.9994534648054105,0.9978781970409452,0.9714440484152564,0.9821128281026283,0.9816419582217455
2022-05-24,0.9859122541603632,0.9994534648054105,0.9599993252781273,0.966743124848526,0.982613224702237
2022-05-25,0.8113460226920453,0.9859122541603632,0.9328020131008697,0.9390410434408673,0.94601743605826
2022-05-26,0.9859606155064073,0.8113460226920453,0.932415417066807,0.9031725779968255,0.7065522539082796
2022-05-27,0.9860855428311858,0.9859606155064073,0.9093989428806294,0.9222909675199155,0.8688057265025161
2022-05-28,0.9485345895150913,0.9860855428311858,0.9575657976520636,0.9760295547185511,0.9547024225576295
2022-05-29,0.9583530172306622,0.9485345895150913,0.9516525778526975,0.9494781427732253,0.9241727964744589
2022-05-30,0.7972882576927035,0.9583530172306622,0.9883311012659433,0.9899443594491621,0.9456334716795614
2022-05-31,0.9996484124001309,0.7972882576927035,0.9075501111365565,0.8615529140343048,0.8358130319812791
2022-06-01,0.994758673148005,0.9996484124001309,0.8880686007778545,0.910243017975425,0.9471309421499832
2022-06-02,0.9859282796187019,0.994758673148005,0.9559920468844773,0.9816797104256764,0.9627290451813164
2022-06-03,0.9989721647882778,0.9859282796187019,0.9737698176101811,0.9809775348521365,0.9645093611432936
2022-06-04,0.9982567164179105,0.9989721647882778,0.9738987833311344,0.979966727614773,0.9738173802294657
2022-06-05,0.99989311925516,0.9982567164179105,0.9728708413077665,0.9787354768431268,0.9747929994070936
2022-06-06,0.9998809863848425,0.99989311925516,0.9731925752965076,0.9796987025172406,0.9841775490129214
2022-06-07,0.9981655747468732,0.9998809863848425,0.9916599849248776,0.9980857273511069,0.9985289927800066
2022-06-08,0.9907806838070353,0.9981655747468732,0.9619432497025109,0.9635095941502368,0.9751607095987421
2022-06-09,0.9915223777003829,0.9907806838070353,0.968936557856516,0.9758797184356794,0.9714769925201493
2022-06-10,0.9972263132056948,0.9915223777003829,0.9759921812874858,0.9814301468644377,0.9804844257871883
2022-06-11,0.9985917846146501,0.9972263132056948,0.9837488993644041,0.9888614203720943,0.986900652488789
2022-06-12,0.998349815393017,0.9985917846146501,0.9830937608777919,0.9866674677262242,0.9919047817877497
2022-06-13,0.9936925098554532,0.998349815393017,0.9467346885868918,0.9504078737919188,0.978300970444725
2022-06-14,0.9995002255080025,0.9936925098554532,0.9639643764386928,0.975270364770856,0.9822153780420398
2022-06-15,0.9997007070795246,0.9995002255080025,0.9522849757954858,0.9608409071419027,0.9749753350037653
2022-06-16,0.9992559708340567,0.9997007070795246,0.9563086051868974,0.9677248440620438,0.9837915131361044
2022-06-17,0.9999160601009677,0.9992559708340567,0.9584492067089377,0.9687896015949546,0.9839144125031525
2022-06-18,0.9999404761904761,0.9999160601009677,0.9928292596690301,1.0028131930789836,1.0011861376822442
2022-06-19,0.9992802184164804,0.9999404761904761,0.9909663863947221,0.9926785469858009,1.0001927436227203
2022-06-20,0.9999161465757858,0.9992802184164804,0.9949346421749768,0.996936355314434,0.9950834408911325
2022-06-21,0.9999156107969958,0.9999161465757858,0.9661943099285396,0.9673937018319683,0.9882490518630999
2022-06-22,0.9996360562586584,0.9999156107969958,0.983204003588653,0.991323047953673,0.9986286477188944
2022-06-23,0.9998599014640296,0.9996360562586584,0.9914410429688192,0.9953973720901823,0.9989793647675385
2022-06-24,0.9999080057956349,0.9998599014640296,0.9946944044786739,0.9967214047386009,0.9921410486797378
2022-06-25,0.9999181449302478,0.9999080057956349,0.9672250158717859,0.9684802895208974,0.9728290096159444
2022-06-26,0.9994526806748685,0.9999181449302478,0.9686503757148294,0.9765218681668087,0.9918029800946764
2022-06-27,0.9997974623220349,0.9994526806748685,0.9867480260307253,0.9941642666286487,0.9683618974588292
2022-06-28,0.9986397178317342,0.9997974623220349,0.9789433126924586,0.9820852126031692,0.9878551544759109
2022-06-29,0.9506294999153723,0.9986397178317342,0.973396611246821,0.978138895293958,0.989913580610261
2022-06-30,0.9997958938648095,0.9506294999153723,0.9973189410799077,0.9918373261302219,0.9490261166387947
2022-07-01,0.9956067205973864,0.9997958938648095,0.9882091697612052,0.9888055432412535,0.994104087530675
2022-07-02,0.9994412297911441,0.9956067205973864,0.9963255930109532,0.9981066940327002,0.9255510796711746
2022-07-03,0.9997090732771683,0.9994412297911441,0.9938475918950798,0.9945977406910095,0.925715896334432
2022-07-04,0.9971575460971872,0.9997090732771683,0.9963711171374409,0.9977823802311026,0.9322673892965488
2022-07-05,0.9969642540919325,0.9971575460971872,0.986005625014531,0.9861949727398464,0.9218659227823135
2022-07-06,0.9982009445041352,0.9969642540919325,0.9869913913358258,0.9896298896549238,0.9149760215155754
2022-07-07,0.9953658934783427,0.9982009445041352,0.9872329383297106,0.9899318513947961,0.9957033440128236
2022-07-08,0.9698242339399595,0.9953658934783427,0.9794819955267596,0.9814401591197968,0.988656626994851
2022-07-09,0.9534029063569545,0.9698242339399595,0.9923016924323655,0.9899764026964833,0.9718944232148178
2022-07-10,0.9999617551821728,0.9534029063569545,0.9891820331479806,0.9798164107740492,0.970169937776122
2022-07-11,0.9999630473609658,0.9999617551821728,0.9807622093488233,0.9833576323955083,0.9848221974834646
2022-07-12,0.9999752631383655,0.9999630473609658,0.9698661751170138,0.9744891419555195,0.987989571427503
2022-07-13,0.9995741162913045,0.9999752631383655,0.9710194913766752,0.9782688268156979,0.9884736367343617
2022-07-14,0.996654403594973,0.9995741162913045,0.9908696911764833,0.9977447600658109,0.9926075524845885
2022-07-15,0.9855636859729628,0.996654403594973,0.9839569388264778,0.9853497183324587,0.9888362721918555
2022-07-16,0.9998751825455272,0.9855636859729628,0.9825174145548287,0.9829042694812317,0.977515789058339
2022-07-17,0.9999750408705745,0.9998751825455272,0.9878254907006668,0.9920047033871511,0.9875283790947917
2022-07-18,0.9999747497064653,0.9999750408705745,0.9738027627004093,0.9767279979168476,0.9808299332708953
2022-07-19,0.9999755626695338,0.9999747497064653,0.993736994468405,1.000038397977475,0.9913490691154584
2022-07-20,0.9956173921631566,0.9999755626695338,0.9936318452318542,0.9951338991471748,1.00010494596377
2022-07-21,0.9980565591129937,0.9956173921631566,0.9906863085618707,0.991164366739014,0.9950565088400352
2022-07-22,0.9993176346384107,0.9980565591129937,0.9909853098782243,0.9927598378372526,0.9927944122791967
2022-07-23,0.9999735834103818,0.9993176346384107,0.9979890835313351,0.9999952491491921,0.9947741229570913
2022-07-24,0.9999101042790363,0.9999735834103818,0.9899776678576566,0.9904554739370606,0.9960076184706506
2022-07-25,0.9998250393661428,0.9999101042790363,0.9872504592365414,0.9896418821615496,0.9916456065850036
2022-07-26,0.9998528419890856,0.9998250393661428,0.9891106155427114,0.9921381848035176,0.9895346008641306
2022-07-27,0.9998464412765847,0.9998528419890856,0.9932885279117881,0.9958749231827603,0.9961588206992484
2022-07-28,0.9972222222222223,0.9998464412765847,0.9954763840746567,0.9970553264101982,1.000581096670254
2022-07-29,0.9971185198291332,0.9972222222222223,0.9810990180689646,0.9815193617985711,0.9889223949939634
2022-07-30,0.9973431046640475,0.9971185198291332,0.9894319984714981,0.9932889981170245,0.9862135995333052
2022-07-31,0.9999114686092985,0.9973431046640475,0.9862725554579277,0.9881773046965248,0.9957033440128236
2022-08-01,0.9898672489780701,0.9999114686092985,0.9885665209257152,0.9918503485988706,0.9998095519265413
2022-08-02,0.9926116884152337,0.9898672489780701,0.9907466812790551,0.9910598562898618,0.9866051013323988
2022-08-03,0.9999073804546297,0.9926116884152337,0.9952461175833701,0.995695153512879,0.9876215987207366
2022-08-04,0.9996341711266175,0.9999073804546297,0.9913922279162496,0.9925145155823277,0.9947106162423445
2022-08-05,0.999509240485077,0.9996341711266175,0.972370953524477,0.9743553580656893,0.9898978936311984
2022-08-06,0.9902214860135189,0.999509240485077,0.9818921060645514,0.9884261646610234,0.9920275268602132
2022-08-07,0.9986275816122585,0.9902214860135189,0.9783088084908573,0.9803142650894204,0.9833639136193062
2022-08-08,0.9988767951220817,0.9986275816122585,0.977203035943668,0.9820951669162826,0.9846167669309918
2022-08-09,1.0,0.9988767951220817,0.980518111338645,0.985736480968356,0.9845022164477591
2022-08-10,0.9993881188645615,1.0,0.9708171961628025,0.9755078312890375,0.9988579205893027
2022-08-11,1.0,0.9993881188645615,0.9562353049834064,0.9631142978748736,0.983608992537496
2022-08-12,0.9999727159870673,1.0,0.9395321660950233,0.9500693485675322,0.9811700666204963
2022-08-13,0.9996995438529405,0.9999727159870673,0.9722060044262621,0.9867582160367799,0.9909762662513468
2022-08-14,0.953618203466067,0.9996995438529405,0.9606929220665167,0.9673125144490109,0.9894484104218318
2022-08-15,0.9518164884263179,0.953618203466067,0.9708912138277258,0.9691878408051028,0.9296359182560401
2022-08-16,0.9992381252627155,0.9518164884263179,0.9678616552872434,0.9632690524576927,0.9177166810674375
2022-08-17,0.9467710095882685,0.9992381252627155,0.9866338016648925,0.9941882834075252,0.9849861324453321
2022-08-18,0.9630887617329538,0.9467710095882685,0.989960810269154,0.9803630851207026,0.958496988771201
2022-08-19,0.9755746921927265,0.9630887617329538,0.9629410377283446,0.9564710810948368,0.9297241300474152
2022-08-20,0.9995441863034892,0.9755746921927265,0.9717671025968772,0.9748088951270283,0.9640881447426956
2022-08-21,0.9981654436290861,0.9995441863034892,0.9886598774100431,0.995347738469277,0.986678028712038
2022-08-22,0.9998667519454215,0.9981654436290861,0.986507924324545,0.9887965701317784,0.9864472336422561
2022-08-23,0.9998640971976842,0.9998667519454215,0.9832821671278967,0.9864985588840051,0.9971031866849296
2022-08-24,0.9997391614727766,0.9998640971976842,0.9859398525538023,0.9899322675089501,0.9950471483807434
2022-08-25,0.999972199054768,0.9997391614727766,0.9829524438072962,0.9862748898112869,0.9935274794576315
2022-08-26,0.8988932181376701,0.999972199054768,0.9915892894134382,0.995687119104975,0.997267223087658
2022-08-27,0.9481511365849586,0.8988932181376701,0.9888740682809256,0.9665557265868475,0.9340178215261944
2022-08-28,0.9790844062947067,0.9481511365849586,0.9674812145114968,0.9576763943948887,0.9524610386471063
2022-08-29,0.9968015514646289,0.9790844062947067,0.965234958369542,0.9680286474158575,0.956948902286478
2022-08-30,0.9966518518518519,0.9968015514646289,0.9526322850885803,0.9602325425872845,0.9658755959557729
2022-08-31,0.9985347028783658,0.9966518518518519,0.9683942032103943,0.9789927509020784,0.9793044975591656
2022-09-01,0.9956986764047864,0.9985347028783658,0.9850251440734549,0.9922820424636662,0.9876987438206013
2022-09-02,0.8234393123754573,0.9956986764047864,0.9723484704175843,0.9749183262742016,0.9847609313506716
2022-09-03,0.999155943196458,0.8234393123754573,0.9532724209197412,0.917419709744155,0.9327119084842139
2022-09-04,0.9990130222143656,0.999155943196458,0.971504982447898,0.9825523128709222,0.9743679041580944
2022-09-05,0.9979636428497111,0.9990130222143656,0.915007773716092,0.9216308573311017,0.9642575398210429
2022-09-06,0.9740783153135736,0.9979636428497111,0.9198893700952266,0.9398625729221876,0.9767464797190464
2022-09-07,0.927878174402334,0.9740783153135736,0.9323507442714714,0.9453977631880206,0.9389934830599633
2022-09-08,0.8558005841536725,0.927878174402334,0.9620626602069118,0.9609858039689264,0.953687315558752
2022-09-09,0.9912155671923899,0.8558005841536725,0.9745427473242511,0.9489581320343227,0.9493067352077252
2022-09-10,0.9878639670701884,0.9912155671923899,0.9400265529377717,0.9440408513400623,0.9468728386377455
2022-09-11,0.9938197736946545,0.9878639670701884,0.9678525827873643,0.979370349826187,0.9635360013395667
2022-09-12,0.9987584786821705,0.9938197736946545,0.9437405081321165,0.9499926030863906,0.9532645691442282
2022-09-13,0.9916232315711095,0.9987584786821705,0.8854573473123284,0.8987039698406752,0.9495992949062592
2022-09-14,0.9995307296397214,0.9916232315711095,0.9589457769952479,0.9845072322816579,0.9681876664683777
2022-09-15,0.9972953400038427,0.9995307296397214,0.9611085716500101,0.9708801706864206,0.9792512603939296
2022-09-16,0.9941457036299608,0.9972953400038427,0.9755760482796629,0.9842887008204876,0.9841183273242821
2022-09-17,0.8945318466473193,0.9941457036299608,0.9568431379476501,0.9613141355589324,0.9813786947697088
2022-09-18,0.9606980856461905,0.8945318466473193,0.9558810915493106,0.9408784633742419,0.9334371266801107
2022-09-19,0.9460031517473658,0.9606980856461905,0.9564947710743216,0.9576545539940603,0.9461713070916788
2022-09-20,0.9970863651236347,0.9460031517473658,0.9689905282753701,0.9664644714334725,0.9479675792667128
2022-09-21,0.9969629641469925,0.9970863651236347,0.9011167619866611,0.907881368925559,0.9324327946769964
2022-09-22,0.9161978393676872,0.9969629641469925,0.9403222499381806,0.9633990455396912,0.9592344179291084
2022-09-23,0.9927257237413373,0.9161978393676872,0.9467969448052883,0.9409885342559487,0.9352037065675421
2022-09-24,0.9977434816266697,0.9927257237413373,0.9176401338118323,0.9286983606361063,0.9517900320881014
2022-09-25,0.915436850774868,0.9977434816266697,0.9501892088133033,0.9694756128945782,0.9609105775458822
2022-09-26,0.9169515348175398,0.915436850774868,0.9259171151489761,0.9175498241656365,0.8840275956954595
2022-09-27,0.8422142656557147,0.9169515348175398,0.9048069839736875,0.9026483500362532,0.8750831379229433
2022-09-28,0.9717567589616408,0.8422142656557147,0.9276925941172209,0.9126222070365672,0.8842490010299605
2022-09-29,0.9881733909543761,0.9717567589616408,0.8998198529315151,0.9104291384592291,0.8942609870817566
2022-09-30,0.9989926358204808,0.9881733909543761,0.9515288434114647,0.972801637655447,0.9540243783816602
2022-10-01,0.9669049126933864,0.9989926358204808,0.9155183166086894,0.9269461271135142,0.9452231820642063
2022-10-02,0.996816010916534,0.9669049126933864,0.9488312537899647,0.9612035538683785,0.9438184379826937
2022-10-03,0.911080254508384,0.996816010916534,0.9114377656193513,0.9229910082856139,0.9477029802033661
2022-10-04,0.9981237925397533,0.911080254508384,0.9576737510758696,0.9575876734781442,0.9237089325565971
2022-10-05,0.8858213148529687,0.9981237925397533,0.9389530732124812,0.948692189816947,0.9565824633442516
2022-10-06,0.9507846877301658,0.8858213148529687,0.9716885055142811,0.9588960244354764,0.9395627651665015
2022-10-07,0.9955298163062166,0.9507846877301658,0.9758604289708295,0.9708274373715556,0.9659195965413662
2022-10-08,0.9984861046029627,0.9955298163062166,0.9248765816645773,0.9296123606617084,0.9418547101986081
2022-10-09,0.9642670839853937,0.9984861046029627,0.9393817564018148,0.9571046486697035,0.9603488039421897
2022-10-10,0.6913778578845287,0.9642670839853937,0.9114945418402893,0.9174861576286983,0.9148850029755766
2022-10-11,0.9727837080778258,0.6913778578845287,0.892512695374894,0.8395154183869933,0.8251690728883617
2022-10-12,0.9873276115023475,0.9727837080778258,0.9390711649647472,0.9583979375558316,0.9264532062418195
2022-10-13,0.616533027873234,0.9873276115023475,0.9410908410331335,0.9527094980910374,0.8745592433447485
2022-10-14,0.9988746167876129,0.616533027873234,0.9489472886250021,0.8708038239248,0.8799069598725355
2022-10-15,0.9969509215644118,0.9988746167876129,0.9675752358975658,0.9795961894770386,0.9787292234360299
2022-10-16,0.925809656268627,0.9969509215644118,0.9605774956510061,0.9676502505281795,0.9800439241845752
2022-10-17,0.9964358552957251,0.925809656268627,0.9430885781732622,0.9347175597620039,0.9459661800871232
2022-10-18,0.987756230498835,0.9964358552957251,0.9487381628338079,0.9615825341526929,0.9697671058791081
2022-10-19,0.9975438735491027,0.987756230498835,0.9386596904203771,0.9480540321050434,0.9492744673015456
2022-10-20,0.9999033031639205,0.9975438735491027,0.8909486993635161,0.9051261860828169,0.9428886318033424
2022-10-21,0.9998062466093156,0.9999033031639205,0.8924980367701734,0.9187309293112838,0.967053753718059
2022-10-22,0.9998652498652498,0.9998062466093156,0.9322071833859659,0.9580436752761662,0.9862302513893266
2022-10-23,0.9989452488253906,0.9998652498652498,0.9708495987699012,0.9871395647335401,0.9903913155952468
2022-10-24,0.9991711322718687,0.9989452488253906,0.9190060691992267,0.9257706311642123,0.9775482762766075
2022-10-25,0.9993040115998065,0.9991711322718687,0.9339755264462462,0.9532767896492991,0.9741773467215086
2022-10-26,0.9996226564982523,0.9993040115998065,0.9860920996031454,1.0018211745676722,0.9932262215307235
2022-10-27,0.9929540814283999,0.9996226564982523,0.9087879123509477,0.9120456511951084,0.9815927080196072
2022-10-28,0.9998987936199497,0.9929540814283999,0.9181932629310008,0.9384578684822307,0.9703242911281897
2022-10-29,0.999857911296052,0.9998987936199497,0.946633145529417,0.9663053056017354,0.9790455507240634
2022-10-30,0.9841204030017828,0.999857911296052,0.9768325030049552,0.9896473773854788,0.9897480003984408
2022-10-31,0.9965154559835819,0.9841204030017828,0.9569093846055092,0.9586640851027675,0.9591829016989096
2022-11-01,0.9998495788206979,0.9965154559835819,0.9437348162026784,0.9532707309616348,0.9597798170067846
2022-11-02,0.987068781259351,0.9998495788206979,0.9484572751512211,0.9619679712244692,0.9756310134272144
2022-11-03,0.9987523125242008,0.987068781259351,0.9676014021182417,0.9768978563776738,0.9675012148206632
2022-11-04,0.9959872105748804,0.9987523125242008,0.9427045905311738,0.950204764518629,0.9619764508958089
2022-11-05,0.9997872521487532,0.9959872105748804,0.9227004292580278,0.9355292331558046,0.9573920922692185
2022-11-06,0.9993380170407227,0.9997872521487532,0.9387283562678009,0.957288474617022,0.9615873143724893
2022-11-07,0.9960976455794996,0.9993380170407227,0.9750855020741308,0.9896784303447148,0.9893948406258452
2022-11-08,0.9970859429366736,0.9960976455794996,0.9792570976485551,0.9843161707249393,0.9884022543291184
2022-11-09,0.9963254593175853,0.9970859429366736,0.9303713108033205,0.93466394430628,0.9663823278693285
2022-11-10,0.9790447254367542,0.9963254593175853,0.9215498690576555,0.9374295843727115,0.9724098380449412
2022-11-11,0.8311787413591885,0.9790447254367542,0.9357528088850694,0.9495957887725689,0.9060553600500516
2022-11-12,0.9990502443883341,0.8311787413591885,0.9801357993995541,0.9549576042585878,0.9651144080876377
2022-11-13,0.999883509622105,0.9990502443883341,0.930108050411284,0.9346620626839032,0.9583615418635834
2022-11-14,0.9997172412168053,0.999883509622105,0.9730596914098608,0.9898594599339817,0.9819389547850894
2022-11-15,0.9983425283546042,0.9997172412168053,0.940330202944238,0.9467485149301724,0.9811484129562291
2022-11-16,0.9984673950660009,0.9983425283546042,0.953509324679016,0.9674768950750124,0.9747321184883097
2022-11-17,0.8624586061326119,0.9984673950660009,0.9457132622649453,0.9565377725488612,0.9766946339301753
2022-11-18,0.9998277728570022,0.8624586061326119,0.8870979501607223,0.8670528086826484,0.8774753264435422
2022-11-19,0.9447920041873332,0.9998277728570022,0.9584019603021908,0.985543808574957,0.9843682733311566
2022-11-20,0.9943662624904365,0.9447920041873332,0.9734636457976222,0.9701867900816,0.958445809518002
2022-11-21,0.9973826840227914,0.9943662624904365,0.970026823749514,0.9750595261632194,0.9803636565573488
2022-11-22,0.9310684984240791,0.9973826840227914,0.913818552283478,0.9204049957919427,0.9453901712752091
2022-11-23,1.0,0.9310684984240791,0.8974658540093033,0.9016191065352388,0.8993341613580699
2022-11-24,0.9899962579518523,1.0,0.8063938150791259,0.831080860323179,0.9665922344216136
2022-11-25,0.7775145491064531,0.9899962579518523,0.8788936965757533,0.9230994757366675,0.9359905817577456
2022-11-26,0.9995259474080477,0.7775145491064531,0.9495018445322537,0.92509288714351,0.9062381571993354
2022-11-27,0.9992566389828771,0.9995259474080477,0.9824638958955588,0.9945081498273167,0.9859010249334651
2022-11-28,1.0,0.9992566389828771,0.9401134428993436,0.9441566150968865,0.9665712881086338
2022-11-29,0.9998687422886096,1.0,0.9385617317179746,0.9529805590302791,0.9660604418350959
2022-11-30,0.9992805041433038,0.9998687422886096,0.9077470030875548,0.9225078315814327,0.978775084847048
2022-12-01,0.8225830777738676,0.9992805041433038,0.918320898238402,0.9403593290467581,0.9675499185196151
2022-12-02,0.6968751772245221,0.8225830777738676,0.931339630140719,0.9082889294932542,0.9027325981006071
2022-12-03,0.9995662781241528,0.6968751772245221,0.9521680771984272,0.8957163020230676,0.9212948156273559
2022-12-04,0.987099005160398,0.9995662781241528,0.9414621537182797,0.9528741718263378,0.9694990195236945
2022-12-05,0.9984495709588602,0.987099005160398,0.9363735856384703,0.9473615253678355,0.9648204208696497
2022-12-06,0.7636870121631685,0.9984495709588602,0.9576756459159718,0.972621619702233,0.9816180338306649
2022-12-07,0.8756899853554128,0.7636870121631685,0.9312170024448998,0.8845105503453033,0.8516054758573001
2022-12-08,0.9261618440972321,0.8756899853554128,0.9107078447278489,0.8973386595660604,0.8681170960295531
2022-12-09,0.5764133239502698,0.9261618440972321,0.9448144951410009,0.9485353393334142,0.9268442224544011
2022-12-10,0.7256582022121827,0.5764133239502698,0.9240601705308054,0.8353605837417084,0.8342403398356804
2022-12-11,0.9443372904838228,0.7256582022121827,0.9256579967266458,0.8778889504146452,0.9090416431094069
2022-12-12,0.9735624408063861,0.9443372904838228,0.9501767387166155,0.954674133859032,0.9453253014959424
2022-12-13,0.9684408984097491,0.9735624408063861,0.9501554437355283,0.9557859961722405,0.9490934595265075
2022-12-14,0.999325596425661,0.9684408984097491,0.9456274405281014,0.9500300114227918,0.93749312176118
2022-12-15,0.9966029847279485,0.999325596425661,0.9044443606791803,0.9173732127348219,0.9266909305045402
2022-12-16,0.998659891674577,0.9966029847279485,0.9331721245223882,0.9553610655774788,0.9637786481768316
2022-12-17,0.9477488583195585,0.998659891674577,0.9188514012545582,0.9346188263888622,0.9746753750803883
2022-12-18,0.9725344071158123,0.9477488583195585,0.9741361132529015,0.9810937255010834,0.9713901652656359
2022-12-19,0.9957586618876942,0.9725344071158123,0.986541373480684,0.9861557322731435,0.9810126708955866
2022-12-20,0.9990092662742583,0.9957586618876942,0.9365765596320703,0.9387957970747072,0.9484040139222114
2022-12-21,0.9973203070481508,0.9990092662742583,0.8792746671241846,0.8943065283514116,0.938121324754513
2022-12-22,0.9568760990314567,0.9973203070481508,0.9485862146913068,0.9770079470372374,0.9706733582804897
2022-12-23,0.9914299840685601,0.9568760990314567,0.9626482654959274,0.9646442127756932,0.9551220240940119
2022-12-24,0.9996653466451002,0.9914299840685601,0.9453368173164293,0.9522665633219078,0.9604725109113839
2022-12-25,0.9996724980213423,0.9996653466451002,0.9461731707302221,0.9592537971754013,0.9667562037806031
2022-12-26,0.9988298046045829,0.9996724980213423,0.8870622050684145,0.8999431853565043,0.9506456226175787
2022-12-27,0.9886234970615193,0.9988298046045829,0.878511773610317,0.9054219483614574,0.9498187616953971
2022-12-28,0.9997310454264274,0.9886234970615193,0.934511026548957,0.9610225176476115,0.9684609213343005
2022-12-29,0.9964956127244574,0.9997310454264274,0.8623941758960059,0.878097135542173,0.8997515659942754
2022-12-30,0.9998099994571412,0.9964956127244574,0.8993000201004644,0.9315874908380359,0.9412896696355931
2022-12-31,0.9973385851918879,0.9998099994571412,0.9779060901027097,1.0021057787418706,0.9888250443907647
2023-01-01,0.9979820745322082,0.9973385851918879,0.9445629234433777,0.9492416661279357,0.9698710490069444
2023-01-02,0.9781108978681466,0.9979820745322082,0.9672735773857658,0.9801352537286743,0.9737412175545919
2023-01-03,0.9983213555054293,0.9781108978681466,0.9665662551007913,0.9691755460690616,0.9701315450398187
2023-01-04,0.9994971017177946,0.9983213555054293,0.9596783873667318,0.9673240315845115,0.9730512682451866
2023-01-05,0.9994155464640561,0.9994971017177946,0.9729899931461571,0.9825771057440804,0.9781705187699752
2023-01-06,0.8304257913993319,0.9994155464640561,0.9831339804615734,0.9894964348815605,0.9903700587359872
2023-01-07,0.993594896662604,0.8304257913993319,0.9610484543221025,0.9242810541931832,0.9332526559408485
2023-01-08,0.9993871766718586,0.993594896662604,0.9421012841411461,0.9499374589766573,0.9611646506136381
2023-01-09,0.997645938582802,0.9993871766718586,0.9608551659293535,0.9746478337970897,0.9702930228277283
2023-01-10,0.9990533789113857,0.997645938582802,0.9365265460200908,0.9453846240806596,0.9674121029690718
2023-01-11,0.9965556253928347,0.9990533789113857,0.9141471021830706,0.9292016260944982,0.964812607083771
2023-01-12,0.9501797892126472,0.9965556253928347,0.9481093665968667,0.9679507854853572,0.9779171280593467
2023-01-13,0.868582800141065,0.9501797892126472,0.9473808209358677,0.9478793145478858,0.9324166740195027
2023-01-14,0.9983066269018854,0.868582800141065,0.9532192196658188,0.9342470978842649,0.9320910082722595
2023-01-15,0.9992044166927843,0.9983066269018854,0.9551090311454344,0.9659646817349933,0.9752672878479217
2023-01-16,0.9916860577855342,0.9992044166927843,0.9649005162074866,0.9755173187130652,0.9791721969372723
2023-01-17,0.9962675854148723,0.9916860577855342,0.9053663115039288,0.9118154399424074,0.9659470339081175
2023-01-18,0.9989811892751533,0.9962675854148723,0.9098229856906813,0.9317091957926813,0.9661255119440235
2023-01-19,0.9871863843106568,0.9989811892751533,0.9268220176781149,0.9482885504560645,0.9620723535072498
2023-01-20,0.9984525844149846,0.9871863843106568,0.893863210476856,0.9083970795190908,0.9428621336813037
2023-01-21,0.9976566527628062,0.9984525844149846,0.9105530228840225,0.9357349033347754,0.9620152208348716
2023-01-22,0.5409257625702214,0.9976566527628062,0.9603209310395425,0.9812927861319319,0.9804626341835999
2023-01-23,0.9922276321079196,0.5409257625702214,0.9522943344999164,0.8513169732598976,0.9037096372857857
2023-01-24,0.9636430917248715,0.9922276321079196,0.9787318432981628,0.9883465439938945,0.9937265233964468
2023-01-25,0.9245296281543617,0.9636430917248715,0.9553696397473957,0.951736735906758,0.9527210943631779
2023-01-26,0.9997346189570525,0.9245296281543617,0.9145120506285048,0.9070867314417294,0.8890628875548674
2023-01-27,0.9877019048679959,0.9997346189570525,0.9546481321588121,0.9751670859162477,0.9826621145484697
2023-01-28,0.9947553224587762,0.9877019048679959,0.945486747176545,0.9534450714447581,0.966422883524794
2023-01-29,0.9391676511892287,0.9947553224587762,0.9642115105653762,0.9760738568632898,0.981339387954124
2023-01-30,0.99988605806481,0.9391676511892287,0.9374205840344665,0.9313907987026536,0.9109783553613506
2023-01-31,0.9998939936820234,0.99988605806481,0.9349915578188617,0.9500313084178302,0.9631263715348689
2023-02-01,0.9952779925200057,0.9998939936820234,0.9142196013039318,0.9298460968008417,0.9594491243793095
2023-02-02,0.8801367489778475,0.9952779925200057,0.9209207607048085,0.9404371096442432,0.9653569031234505
2023-02-03,0.6328499673657029,0.8801367489778475,0.9165966442494361,0.906777117953983,0.8699535768663872
2023-02-04,0.9898760158655312,0.6328499673657029,0.9593406648479268,0.8910232571941485,0.9238373851190342
2023-02-05,0.9997880862065313,0.9898760158655312,0.9646667193976614,0.9720186857580486,0.9648897459801946
2023-02-06,0.8003718285214348,0.9997880862065313,0.9475718763058276,0.9560280131670272,0.9838222409361889
2023-02-07,0.8866489672861448,0.8003718285214348,0.9476889008465708,0.9122476904627655,0.8536539213541331
2023-02-08,0.9938407691083888,0.8866489672861448,0.9193033477696841,0.904606823144249,0.8833263922085649
2023-02-09,0.9991457443483696,0.9938407691083888,0.94882182158958,0.9667681230405192,0.9677926484048704
2023-02-10,0.99839593114241,0.9991457443483696,0.9464938924786858,0.9586103337480868,0.96687712802187
2023-02-11,0.5646679333657373,0.99839593114241,0.9011541819042986,0.9136505845843016,0.8569745447466748
2023-02-12,0.7156472697066409,0.5646679333657373,0.9601917660056158,0.8791763036792717,0.9405834068188674
2023-02-13,0.8840229344058878,0.7156472697066409,0.9440551382643825,0.8851764009814412,0.9426474239284671
2023-02-14,0.9859796973759817,0.8840229344058878,0.9452933205788977,0.9308394260402983,0.928167377597801
2023-02-15,0.8689020599328553,0.9859796973759817,0.9314103052407623,0.941206324070405,0.9174309396244827
2023-02-16,0.9997533655328332,0.8689020599328553,0.9791418476051568,0.9640917990078565,0.9584055635041564
2023-02-17,0.9282253299192437,0.9997533655328332,0.9107788758785897,0.9157414907296008,0.9547820700168074
2023-02-18,0.9993842601500866,0.9282253299192437,0.9466404499338134,0.9508410154731118,0.927549879998841
2023-02-19,0.999774652119209,0.9993842601500866,0.913708437751388,0.9264075129382143,0.9504946982918677
2023-02-20,0.9988182462774757,0.999774652119209,0.8960753963672692,0.9167974739498489,0.9696550112011068
2023-02-21,0.9997139485822577,0.9988182462774757,0.8740110756253802,0.8987483703063771,0.9444229135627572
2023-02-22,0.9994017295454957,0.9997139485822577,0.9083586453598539,0.9386240021540233,0.982506189058665
2023-02-23,0.941218557011598,0.9994017295454957,0.9585533229705502,0.9804736765925817,0.9834328821261037
2023-02-24,0.8943290717776877,0.941218557011598,0.9775079650095497,0.9733342904995718,0.9777632744860085
2023-02-25,0.9668195547600403,0.8943290717776877,0.9546405342832898,0.9346136341640694,0.9386110656199004
2023-02-26,0.9907415449286943,0.9668195547600403,0.960139964733043,0.9630722954862057,0.9585174890924302
2023-02-27,0.9315709292947396,0.9907415449286943,0.9534779504925378,0.9608458627868296,0.9592279241974884
2023-02-28,0.9518651608487337,0.9315709292947396,0.9382005570453978,0.9329260251492474,0.9059044620244031
2023-03-01,0.7288835369000517,0.9518651608487337,0.9590208514631797,0.9623108646492808,0.9443632403128681
2023-03-02,0.8455071033242852,0.7288835369000517,0.9547877735337116,0.8993778391935912,0.9240819693204606
2023-03-03,0.9708682731075735,0.8455071033242852,0.9538181955639751,0.9275067963350261,0.9370233617403935
2023-03-04,0.7972328405669632,0.9708682731075735,0.9423829105996884,0.9464880409605695,0.930572379594684
2023-03-05,0.9880924546578043,0.7972328405669632,0.9493763731909761,0.9144287339294126,0.9226387105170681
2023-03-06,0.8696036488349891,0.9880924546578043,0.9133710402152027,0.9226926729806499,0.9173206521794767
2023-03-07,0.9960659551176793,0.8696036488349891,0.9561236745000837,0.9455858428267644,0.9213074855882287
2023-03-08,0.9888504944933358,0.9960659551176793,0.9349172100060505,0.9445340735321457,0.9614220337206552
2023-03-09,0.9826069128124519,0.9888504944933358,0.8889641580057875,0.9019496217401693,0.9372980119926502
2023-03-10,0.9192145862552594,0.9826069128124519,0.9591280242115572,0.981674297966055,0.9644708751874944
2023-03-11,0.9987856421902599,0.9192145862552594,0.9272148805926619,0.917604961485692,0.8778050897000953
2023-03-12,0.9632163973196689,0.9987856421902599,0.9586116422610131,0.9758436639708498,0.9690719551759394
2023-03-13,0.9998846806477653,0.9632163973196689,0.9617954141132911,0.9629040964490383,0.9570676478508132
2023-03-14,0.9992738523710297,0.9998846806477653,0.9594601222972782,0.9686308374494255,0.979138350600374
2023-03-15,0.9998055073826156,0.9992738523710297,0.9104636605776457,0.9200495731160346,0.9498403876371959
2023-03-16,0.9997073546399692,0.9998055073826156,0.973665934835621,0.9951766832107202,0.9922120868189155
2023-03-17,0.9987206238481807,0.9997073546399692,0.941418782444106,0.9476887494167442,0.97174550376089
2023-03-18,0.9900886230545204,0.9987206238481807,0.9528001849225846,0.9665966927848366,0.9765763841010546
2023-03-19,0.9568944619520903,0.9900886230545204,0.9543413202805302,0.9633192207677171,0.9703908301039014
2023-03-20,0.6217932106763411,0.9568944619520903,0.939541596655844,0.9401563140590201,0.9210895331417328
2023-03-21,0.9853624856156501,0.6217932106763411,0.9260620101966548,0.8495580445654145,0.8975590413405321
2023-03-22,0.9994567349772131,0.9853624856156501,0.9666031910259413,0.9808809080295571,0.8803247652710586
2023-03-23,0.9999261829187273,0.9994567349772131,0.9350255032862543,0.942935618673826,0.9618435509838659
2023-03-24,0.9998810974703487,0.9999261829187273,0.9677855685187701,0.9834116411697484,0.9823577975984299
2023-03-25,0.9999415221777141,0.9998810974703487,0.960439249472816,0.9681668583362216,0.9882506193295447
2023-03-26,0.9997553604835229,0.9999415221777141,0.9169531740612129,0.9264640973159619,0.9758462835385142
2023-03-27,0.9993675798430449,0.9997553604835229,0.9479566701393597,0.9678928709314311,0.9797490001798186
2023-03-28,0.9855404480675969,0.9993675798430449,0.9514806611321106,0.963858815176598,0.9545344834995917
2023-03-29,0.9992682034394439,0.9855404480675969,0.9174217484861243,0.9256222898077974,0.9473265973563377
2023-03-30,0.9999019607843138,0.9992682034394439,0.923195771394592,0.9429018616631089,0.9349250731263815
2023-03-31,0.9972464302949442,0.9999019607843138,0.9357696815256884,0.954238155122131,0.9734548285952664
2023-04-01,0.9719203025914313,0.9972464302949442,0.9414628958723913,0.95626459206501,0.9570191495166025
2023-04-02,0.9981686591654947,0.9719203025914313,0.9497804719816166,0.9571136717700821,0.9394236337900062
2023-04-03,0.999621236857572,0.9981686591654947,0.9724263247765008,0.9840767008999289,0.9812739805012634
2023-04-04,0.9041340139478035,0.999621236857572,0.9671820249630464,0.9737297171339488,0.9790548593616861
2023-04-05,0.9672393602039757,0.9041340139478035,0.9623348174850409,0.9471548100305283,0.9476405643170569
2023-04-06,0.9994658119658121,0.9672393602039757,0.9670998511713078,0.9682807130864665,0.9683189460051048
2023-04-07,0.7808650362318841,0.9994658119658121,0.959126785811967,0.9669195062835811,0.9725628076085929
2023-04-08,0.999392818701184,0.7808650362318841,0.9446856799468939,0.9017657742447791,0.8921411163376569
2023-04-09,0.9997985766080301,0.999392818701184,0.9455893326834803,0.9587611165468032,0.9704388456369334
2023-04-10,0.9999726417159116,0.9997985766080301,0.9564381987724181,0.9694901049884478,0.9853471234457728
2023-04-11,0.9998900947932409,0.9999726417159116,0.9544586492512313,0.9649403941591002,0.9793977666159379
2023-04-12,0.9972713410556164,0.9998900947932409,0.94442429851248,0.9553627828657811,0.9771568510918972
2023-04-13,0.9789946674606825,0.9972713410556164,0.9214200244041946,0.9341439547365853,0.9268467883611552
2023-04-14,0.977288751491485,0.9789946674606825,0.9728389201511097,0.9867011101982642,0.9673120827998658
2023-04-15,0.9919684090756977,0.977288751491485,0.936553527714535,0.9376249092193677,0.9347993135610084
2023-04-16,0.9997219390119567,0.9919684090756977,0.909202990723434,0.922545177076466,0.9344762502727139
2023-04-17,0.9995881274413414,0.9997219390119567,0.9493795882750141,0.9711737462138301,0.9735941545725127
2023-04-18,0.988514600899575,0.9995881274413414,0.9507669396848994,0.9628556001604975,0.9757098238743289
2023-04-19,0.9067769646834234,0.988514600899575,0.9226419941731228,0.9317304613492031,0.9660006043398449
2023-04-20,0.9886982117072087,0.9067769646834234,0.9163324797556367,0.9125126722463804,0.8755912321617323
2023-04-21,0.9995257462311197,0.9886982117072087,0.9497837663359863,0.9672071922742057,0.9558071336121662
2023-04-22,0.9933181858949446,0.9995257462311197,0.9748936880303148,0.986870015490158,0.9768088571228258
2023-04-23,0.9964593288697806,0.9933181858949446,0.9234835147497376,0.9279195629363031,0.9576794888723296
2023-04-24,0.9856159363384116,0.9964593288697806,0.8624404158894406,0.8800107307098964,0.969318226511099
2023-04-25,0.9988673181782262,0.9856159363384116,0.9514658604001061,0.9811227090226073,0.9466845730456476
2023-04-26,0.9998439410097016,0.9988673181782262,0.9739307904299139,0.9853435926871122,0.9833264091607555
2023-04-27,0.9998483048062095,0.9998439410097016,0.9626224772159446,0.9688615609338431,0.9821907242903791
2023-04-28,0.9995759382366515,0.9998483048062095,0.9637861301754905,0.9727489559842857,0.9895372765544415
2023-04-29,0.9997870448082777,0.9995759382366515,0.9481323252191476,0.95674940202166,0.9787257231636295
2023-04-30,0.9875319650736025,0.9997870448082777,0.9518865955362222,0.9643234514464615,0.9843281114940203
2023-05-01,0.8140354884298583,0.9875319650736025,0.9148401087997825,0.923422409281323,0.9499286976863806
2023-05-02,0.9573544626409952,0.8140354884298583,0.9130383267368138,0.8887676976713734,0.6645028388648409
2023-05-03,0.981965080794437,0.9573544626409952,0.9214320705890159,0.9321020229403759,0.876616835693947
2023-05-04,0.9777888091237716,0.981965080794437,0.991019795416289,1.005594268605304,0.9788283587199048
2023-05-05,0.9179914541256402,0.9777888091237716,0.9802997138072883,0.9771141022817731,0.9677565785960356
2023-05-06,0.9161749439982516,0.9179914541256402,0.9307368596182943,0.915734961363067,0.8791555945692036
2023-05-07,0.6879410381056923,0.9161749439982516,0.9280287921248044,0.9245227340572344,0.8760413501354165
2023-05-08,0.9936437038309569,0.6879410381056923,0.9542388609436548,0.8964331691056334,0.9022650130159655
2023-05-09,0.9564121571534471,0.9936437038309569,0.9707304060187145,0.9802178711923348,0.9784371295973725
2023-05-10,0.9991909589664502,0.9564121571534471,0.9794401083198003,0.975992717656552,0.9713266582768554
2023-05-11,0.9863705066701716,0.9991909589664502,0.975517998115929,0.9802733909541999,0.9800912012055156
2023-05-12,0.8912596165187875,0.9863705066701716,0.92234291120694,0.9249558589922989,0.9307260618722937
2023-05-13,0.9809627054110865,0.8912596165187875,0.9440920461036112,0.9366081518858714,0.9398321165859153
2023-05-14,0.9096737695643975,0.9809627054110865,0.934864821998273,0.9437421342897735,0.9304518890515829
2023-05-15,0.9845202739559974,0.9096737695643975,0.9559717070384207,0.949906482179213,0.9163070943625593
2023-05-16,0.9991704636987702,0.9845202739559974,0.9767293621174813,0.983602972428831,0.9671553788342063
2023-05-17,0.6875779312194141,0.9991704636987702,0.9172670261834471,0.9226701480869927,0.942828658139978
2023-05-18,0.9925808954654978,0.6875779312194141,0.9272411090550212,0.8719390921058853,0.8392332676109876
2023-05-19,0.935888403550796,0.9925808954654978,0.950910838711138,0.9666426346681508,0.9496436963328088
2023-05-20,0.9927026829802242,0.935888403550796,0.9326173499501605,0.9290004130468886,0.8880110446796944
2023-05-21,0.9963579215206925,0.9927026829802242,0.901846173752486,0.9163128601493451,0.9380520031129637
2023-05-22,0.9931643521639477,0.9963579215206925,0.9535669316305541,0.9763224319636816,0.9650326463305072
2023-05-23,0.980105680651824,0.9931643521639477,0.9714440484152564,0.9809778803188681,0.9781982343958622
2023-05-24,0.9980102802188692,0.980105680651824,0.9599993252781273,0.9620847779324156,0.978060218975257
2023-05-25,0.9968661668919748,0.9980102802188692,0.9328020131008697,0.9419538732477998,0.9514312062567859
2023-05-26,0.99831348956629,0.9968661668919748,0.932415417066807,0.9478400802156715,0.9574954708924973
2023-05-27,0.9920298304737254,0.99831348956629,0.9093989428806294,0.9252651568288904,0.9550217245835043
2023-05-28,0.9886001079860599,0.9920298304737254,0.9575657976520636,0.9774607549939048,0.989762125501624
2023-05-29,0.8652179014196508,0.9886001079860599,0.9516525778526975,0.9591246781557796,0.9751176687694003
2023-05-30,0.6977346726705923,0.8652179014196508,0.9883311012659433,0.9675203094351776,0.9645884269093152
2023-05-31,0.9465552146858273,0.6977346726705923,0.9075501111365565,0.8375834955161894,0.8334195332599987
2023-06-01,0.9891008835809302,0.9465552146858273,0.8880686007778545,0.8974598211051511,0.8855540827293895
2023-06-02,0.9751583110154431,0.9891008835809302,0.9559920468844773,0.9803174900095002,0.9707110709555112
2023-06-03,0.9887794235225563,0.9751583110154431,0.9737698176101811,0.9783844601294016,0.9717403221506675
2023-06-04,0.9944858946048006,0.9887794235225563,0.9738987833311344,0.9775126313490214,0.9725559512058669
2023-06-05,0.985881496264732,0.9944858946048006,0.9728708413077665,0.9778275797927534,0.9775636713230409
2023-06-06,0.9174798094316068,0.985881496264732,0.9731925752965076,0.9763251378635818,0.978437202153956
2023-06-07,0.9945933208530248,0.9174798094316068,0.9916599849248776,0.9782460772135583,0.9608025360381625
2023-06-08,0.9998380829015544,0.9945933208530248,0.9619432497025109,0.9626495061020204,0.9660225772759606
2023-06-09,0.911870178787957,0.9998380829015544,0.968936557856516,0.9780604594861791,0.9802366526644686
2023-06-10,0.9959454386184458,0.911870178787957,0.9759921812874858,0.9622523654596188,0.9151130877509124
2023-06-11,0.9999743161679723,0.9959454386184458,0.9837488993644041,0.9885530254605082,0.9750944864509373
2023-06-12,0.9998924181705708,0.9999743161679723,0.9830937608777919,0.9870003384853105,0.9851094376269266
2023-06-13,0.9944590965181834,0.9998924181705708,0.9467346885868918,0.9507792847418528,0.9777427625220112
2023-06-14,0.9999096307771753,0.9944590965181834,0.9639643764386928,0.9754549350858809,0.9741944935204223
2023-06-15,0.9995187621080686,0.9999096307771753,0.9522849757954858,0.9609394792449379,0.9774408542541346
2023-06-16,0.9996634048998629,0.9995187621080686,0.9563086051868974,0.9676810373506418,0.9759278715752568
2023-06-17,0.9998516797270907,0.9996634048998629,0.9584492067089377,0.9688876990932986,0.9791121720683897
2023-06-18,0.9998512126171699,0.9998516797270907,0.9928292596690301,1.0027976922798363,0.9931567962532769
2023-06-19,0.9998004975825001,0.9998512126171699,0.9909663863947221,0.992657055083259,0.99892027550891
2023-06-20,0.9988616690777147,0.9998004975825001,0.9949346421749768,0.997061622416305,0.9941571255099745
2023-06-21,0.9994804064912937,0.9988616690777147,0.9661943099285396,0.9671398163243435,0.9789861844092658
2023-06-22,0.9939187184811628,0.9994804064912937,0.983204003588653,0.9912182642420473,0.9923622756743647
2023-06-23,0.9999171470167008,0.9939187184811628,0.9914410429688192,0.9940208143100904,0.9978165166720613
2023-06-24,0.9925428784489188,0.9999171470167008,0.9946944044786739,0.9967351876938805,0.9987532318890435
2023-06-25,0.9944356314826113,0.9925428784489188,0.9672250158717859,0.9667069950707433,0.977266938731621
2023-06-26,0.999855278709086,0.9944356314826113,0.9686503757148294,0.975201848809109,0.9826726448581842
2023-06-27,0.9981173679256232,0.999855278709086,0.9867480260307253,0.9942611997604348,0.994498700332058
2023-06-28,0.9943333877797184,0.9981173679256232,0.9789433126924586,0.9816806979317126,0.9888697063084348
2023-06-29,0.9996772912322509,0.9943333877797184,0.973396611246821,0.9771020644528489,0.9801832464172663
2023-06-30,0.9911013464583359,0.9996772912322509,0.9973189410799077,1.0036465144904636,0.9978219728879709
2023-07-01,0.9612360463517383,0.9911013464583359,0.9882091697612052,0.9867121656339571,0.9797585191575896
2023-07-02,0.9397458981056477,0.9612360463517383,0.9963255930109532,0.9898313006798565,0.9819830862704252
2023-07-03,0.8155849306014541,0.9397458981056477,0.9938475918950798,0.9802249545333882,0.9732586781624785
2023-07-04,0.998435797166485,0.8155849306014541,0.9963711171374409,0.9534509919229552,0.9472061426460157
2023-07-05,0.9975281998519429,0.998435797166485,0.986005625014531,0.986502735989602,0.9789471927087073
2023-07-06,0.9745299491358149,0.9975281998519429,0.9869913913358258,0.98976567031958,0.991107834970389
2023-07-07,0.9998009405558733,0.9745299491358149,0.9872329383297106,0.9842326091766718,0.9791559351733489
2023-07-08,0.9999632614073329,0.9998009405558733,0.9794819955267596,0.9825079810322398,0.988842281611767
2023-07-09,0.9997884440683451,0.9999632614073329,0.9923016924323655,0.997232946626408,0.9920360419785642
2023-07-10,0.9991538374104899,0.9997884440683451,0.9891820331479806,0.990984610958354,0.9982382861694398
2023-07-11,0.9985248524852485,0.9991538374104899,0.9807622093488233,0.9831631108301283,0.9872383727486728
2023-07-12,0.9988145383005019,0.9985248524852485,0.9698661751170138,0.9741428691931773,0.9885602430248334
2023-07-13,0.9997042805391951,0.9988145383005019,0.9710194913766752,0.9779893602408183,0.9860965955299206
2023-07-14,0.9998800585314365,0.9997042805391951,0.9908696911764833,0.9977760995834495,1.00011896626022
2023-07-15,0.9998591152437307,0.9998800585314365,0.9839569388264778,0.9861263560914098,0.9903287794214054
2023-07-16,0.9998945469031941,0.9998591152437307,0.9825174145548287,0.9863461658932097,0.999961515017671
2023-07-17,0.9997741697767848,0.9998945469031941,0.9878254907006668,0.9920093657244557,0.9981588937927804
2023-07-18,0.999832196665508,0.9997741697767848,0.9738027627004093,0.9766796343816301,0.9925632909531638
2023-07-19,0.9935868473895583,0.999832196665508,0.993736994468405,1.0000040756223436,0.9989793647675385
2023-07-20,0.9942758438087073,0.9935868473895583,0.9936318452318542,0.9935956944677069,0.9955966641185485
2023-07-21,0.9999386804022565,0.9942758438087073,0.9906863085618707,0.9908413634643157,0.9852936784716146
2023-07-22,0.9999401340996168,0.9999386804022565,0.9909853098782243,0.993212994324527,0.9962705094021376
2023-07-23,0.999043676157273,0.9999401340996168,0.9979890835313351,1.0001451277307583,0.9980987562840403
2023-07-24,0.9998801447850995,0.999043676157273,0.9899776678576566,0.9902315810845044,0.9942213394397535
2023-07-25,0.9997933934517877,0.9998801447850995,0.9872504592365414,0.9896346688437307,0.9961584443685361
2023-07-26,0.9998257969788219,0.9997933934517877,0.9891106155427114,0.9921305654479172,0.9994895381900971
2023-07-27,0.9999746944353063,0.9998257969788219,0.9932885279117881,0.9958684115823021,0.9961588206992484
2023-07-28,0.9991822387130636,0.9999746944353063,0.9954763840746567,0.9970862057967818,0.988329651346665
2023-07-29,0.9982288258591424,0.9991822387130636,0.9810990180689646,0.9819912730367344,0.9761081553954782
2023-07-30,0.9993395921010035,0.9982288258591424,0.9894319984714981,0.9935563254052439,0.9944306826374028
2023-07-31,0.9860955401821117,0.9993395921010035,0.9862725554579277,0.9886579970084282,0.9969906635575939
2023-08-01,0.9978516165596868,0.9860955401821117,0.9885665209257152,0.9885239011322724,0.984821838390167
2023-08-02,0.9954204299707416,0.9978516165596868,0.9907466812790551,0.9929822446008778,0.9928328074853497
2023-08-03,0.9996715678843918,0.9954204299707416,0.9952461175833701,0.9963714114481229,0.9934683385944273
2023-08-04,0.9998848132695114,0.9996715678843918,0.9913922279162496,0.9924577392222739,1.0000120516980924
2023-08-05,0.9999565400049254,0.9998848132695114,0.972370953524477,0.9744157049273314,0.9900217270488514
2023-08-06,0.9999473171245686,0.9999565400049254,0.9818921060645514,0.9885338605254347,0.9998217344658792
2023-08-07,0.9955603303217789,0.9999473171245686,0.9783088084908573,0.982655943857548,0.9916702001345068
2023-08-08,0.9998458415765268,0.9955603303217789,0.977203035943668,0.9813566678470085,0.9863534114376257
2023-08-09,0.9999601836859289,0.9998458415765268,0.980518111338645,0.9859697973278315,0.9899845145889664
2023-08-10,0.9991242631393207,0.9999601836859289,0.9708171961628025,0.9754982447543527,0.9901377465410668
2023-08-11,0.999947183563525,0.9991242631393207,0.9562353049834064,0.9630507695920368,0.9795870024848785
2023-08-12,0.9999737118822293,0.999947183563525,0.9395321660950233,0.9500566320061926,0.9732564504829945
2023-08-13,0.9999339209959428,0.9999737118822293,0.9722060044262621,0.9867584558174762,0.9763091604850206
2023-08-14,0.9999344021411141,0.9999339209959428,0.9606929220665167,0.9673689452026644,0.9841605739922846
2023-08-15,0.9670478363535061,0.9999344021411141,0.9708912138277258,0.9803393462979869,0.992928561290908
2023-08-16,0.9999316809225809,0.9670478363535061,0.9678616552872434,0.9669362890818757,0.9073407344487666
2023-08-17,0.9966288393773759,0.9999316809225809,0.9866338016648925,0.9943552701199899,0.9940416663025686
2023-08-18,0.9996718307740692,0.9966288393773759,0.989960810269154,0.992367305645304,0.9846810605623865
2023-08-19,0.999049919921822,0.9996718307740692,0.9629410377283446,0.9652791505614345,0.9741592686386562
2023-08-20,0.9997976500424937,0.999049919921822,0.9717671025968772,0.9804610025636593,0.9626094353107634
2023-08-21,0.9997344031759788,0.9997976500424937,0.9886598774100431,0.9954087646838329,0.9949422867393687
2023-08-22,0.9988170290116422,0.9997344031759788,0.986507924324545,0.9891743269750815,0.9979655312572974
2023-08-23,0.9915533346583004,0.9988170290116422,0.9832821671278967,0.9862458181281374,0.9660168270237819
2023-08-24,0.9998564064272483,0.9915533346583004,0.9859398525538023,0.9879312934057382,0.9874865075625132
2023-08-25,0.9994543209167408,0.9998564064272483,0.9829524438072962,0.9863031187633858,0.9961633509286706
2023-08-26,0.9989293973220658,0.9994543209167408,0.9915892894134382,0.9955624300962467,0.9942312811194932
2023-08-27,0.999325596425661,0.9989293973220658,0.9888740682809256,0.9906413388256372,0.9933051014411711
2023-08-28,0.9977350113249435,0.999325596425661,0.9674812145114968,0.9699976186389764,0.9852756244224413
2023-08-29,0.9105011386040256,0.9977350113249435,0.965234958369542,0.9725191352017722,0.9843171442941439
2023-08-30,0.8521162013338286,0.9105011386040256,0.9526322850885803,0.9394540772644887,0.9329274341761885
2023-08-31,0.990800133700479,0.8521162013338286,0.9683942032103943,0.944193044821327,0.955350403095068
2023-09-01,0.995005744925316,0.990800133700479,0.9850251440734549,0.9904197978680456,0.9719004967746705
2023-09-02,0.936246217202758,0.995005744925316,0.9723484704175843,0.9747514898450352,0.9798930153423067
2023-09-03,0.8925255338904364,0.936246217202758,0.9532724209197412,0.9445801170056134,0.9292710836096288
2023-09-04,0.9813127701253072,0.8925255338904364,0.971504982447898,0.9568790143468529,0.9513419847709688
2023-09-05,0.9834247219175936,0.9813127701253072,0.915007773716092,0.9173691850859027,0.9108487306929636
2023-09-06,0.9995120415551708,0.9834247219175936,0.9198893700952266,0.9363620512629593,0.9168148480028486
2023-09-07,0.9918831422717819,0.9995120415551708,0.9323507442714714,0.9515214163806668,0.9531386854747674
2023-09-08,0.9968559608875517,0.9918831422717819,0.9620626602069118,0.9763962169817836,0.9657161399058753
2023-09-09,0.9992797983435363,0.9968559608875517,0.9745427473242511,0.9829198960271899,0.9851114045135967
2023-09-10,0.9920759970017285,0.9992797983435363,0.9400265529377717,0.9459824683239784,0.9618612714947254
2023-09-11,0.9309102765141517,0.9920759970017285,0.9678525827873643,0.9803844761202576,0.9716607306274273
2023-09-12,0.9824141680907255,0.9309102765141517,0.9437405081321165,0.9348459454713107,0.9330902364853833
2023-09-13,0.9803117058085061,0.9824141680907255,0.8854573473123284,0.8947687662930641,0.9152103435501056
2023-09-14,0.9196040266415255,0.9803117058085061,0.9589457769952479,0.9817837673755768,0.9517841916772323
2023-09-15,0.9843208999228897,0.9196040266415255,0.9611085716500101,0.9516362972034983,0.9319252371245785
2023-09-16,0.9788559382479276,0.9843208999228897,0.9755760482796629,0.9811648576734076,0.9699326435034746
2023-09-17,0.9991496598639457,0.9788559382479276,0.9568431379476501,0.9576328338217388,0.9488999497485608
2023-09-18,0.9984933693333532,0.9991496598639457,0.9558810915493106,0.966067191122041,0.971575135472348
2023-09-19,0.9751960605507934,0.9984933693333532,0.9564947710743216,0.9667544871858915,0.9693998861436797
2023-09-20,0.9270321598417905,0.9751960605507934,0.9689905282753701,0.9734932193054362,0.966532794451091
2023-09-21,0.9833945959889083,0.9270321598417905,0.9011167619866611,0.8910144869847275,0.9059087424164292
2023-09-22,0.9976052781624176,0.9833945959889083,0.9403222499381806,0.9601322029150208,0.916378229042667
2023-09-23,0.9768661007203977,0.9976052781624176,0.9467969448052883,0.9605889230367783,0.9588584208864577
2023-09-24,0.9994263793783387,0.9768661007203977,0.9176401338118323,0.9248798548370032,0.9228608659913747
2023-09-25,0.9991480974175658,0.9994263793783387,0.9501892088133033,0.9698808025271162,0.9712351679795708
2023-09-26,0.9994581903557883,0.9991480974175658,0.9259171151489761,0.9377048984907485,0.9627819862736016
2023-09-27,0.9997138384365479,0.9994581903557883,0.9048069839736875,0.9225133961487264,0.964942200196027
2023-09-28,0.9933011476587427,0.9997138384365479,0.9276925941172209,0.9505432238996935,0.9824507764553773
2023-09-29,0.9994023904382471,0.9933011476587427,0.8998198529315151,0.9156163596856981,0.9772927451869162
2023-09-30,0.9981796116504853,0.9994023904382471,0.9515288434114647,0.9755052327907586,0.9767646833336288
2023-10-01,0.9999491955969517,0.9981796116504853,0.9155183166086894,0.9267503760856468,0.9653999918534697
2023-10-02,0.9999484898954346,0.9999491955969517,0.9488312537899647,0.9691595932854487,0.9851397818131755
2023-10-03,0.9679049085592677,0.9999484898954346,0.9114377656193513,0.9237452121611227,0.9835637234115038
2023-10-04,0.9997928927702318,0.9679049085592677,0.9576737510758696,0.9712692894118169,0.9649963659385437
2023-10-05,0.9992666120889617,0.9997928927702318,0.9389530732124812,0.9490940574339107,0.9749079073933169
2023-10-06,0.9967502242683772,0.9992666120889617,0.9716885055142811,0.986210136807799,0.9835237453349965
2023-10-07,0.9998785523439397,0.9967502242683772,0.9758604289708295,0.9818945142874638,0.9913531049747415
2023-10-08,0.997157227203149,0.9998785523439397,0.9248765816645773,0.9306594015501891,0.9655526191397639
2023-10-09,0.9999293211294483,0.997157227203149,0.9393817564018148,0.9567846961682609,0.9598935512607788
2023-10-10,0.9969710240128457,0.9999293211294483,0.9114945418402893,0.9260725193072684,0.979430863148195
2023-10-11,0.9997492746874888,0.9969710240128457,0.892512695374894,0.9130927837182237,0.9754244915988478
2023-10-12,0.9998552874353316,0.9997492746874888,0.9390711649647472,0.9648904104436896,0.97882444356213
2023-10-13,0.9998721718010993,0.9998552874353316,0.9410908410331335,0.9557257742746659,0.9842527584888892
2023-10-14,0.9986006869355044,0.9998721718010993,0.9489472886250021,0.9631000116828027,0.9791429149131391
2023-10-15,0.985062531081355,0.9986006869355044,0.9675752358975658,0.9795302356566078,0.981603853309317
2023-10-16,0.9966028931404572,0.985062531081355,0.9605774956510061,0.9647878944720729,0.9278200391427248
2023-10-17,0.9980804281226975,0.9966028931404572,0.9430885781732622,0.9517623776101617,0.9708499150391088
2023-10-18,0.9804285796357648,0.9980804281226975,0.9487381628338079,0.9619784963308954,0.973049779631622
2023-10-19,0.9387301711034026,0.9804285796357648,0.9386596904203771,0.9462897608309094,0.940149730305015
2023-10-20,0.9090319442192313,0.9387301711034026,0.8909486993635161,0.8909656689280828,0.8969917859037588
2023-10-21,0.9835443788151161,0.9090319442192313,0.8924980367701734,0.8968519218062163,0.8527707285140191
2023-10-22,1.0,0.9835443788151161,0.9322071833859659,0.9541283213995694,0.9157206119315385
2023-10-23,0.9989189189189189,1.0,0.9708495987699012,0.9871720083906368,0.9828205681888798
2023-10-24,0.6373792138516025,0.9989189189189189,0.9190060691992267,0.9257642917385892,0.958850127292295
2023-10-25,0.9899292266244736,0.6373792138516025,0.9339755264462462,0.8661685061338321,0.8575644573793859
2023-10-26,0.9998606937451493,0.9899292266244736,0.9860920996031454,0.9995640168315525,0.9782181229536165
2023-10-27,0.9997250751134066,0.9998606937451493,0.9087879123509477,0.9121029631883681,0.9612918125875971
2023-10-28,0.9656226438163552,0.9997250751134066,0.9181932629310008,0.9400881139563981,0.9694706158549343
2023-10-29,0.6528852388156473,0.9656226438163552,0.946633145529417,0.9580526708056154,0.9266750049872098
2023-10-30,0.8728933965769743,0.6528852388156473,0.9768325030049552,0.9061071091049884,0.950009215062747
2023-10-31,0.9629299279918202,0.8728933965769743,0.9569093846055092,0.9318840684220904,0.9340503104376453
2023-11-01,0.9778056047325013,0.9629299279918202,0.9437348162026784,0.9451843764982811,0.9215831755817188
2023-11-02,0.9977482353960075,0.9778056047325013,0.9484572751512211,0.9566604653159163,0.944799282337449
2023-11-03,0.9879630685056424,0.9977482353960075,0.9676014021182417,0.979469138021521,0.9749578733961611
2023-11-04,0.999298856924319,0.9879630685056424,0.9427045905311738,0.9476070488731557,0.949943458623204
2023-11-05,0.9905241800628748,0.999298856924319,0.9227004292580278,0.9363265749824807,0.9611568632946331
2023-11-06,0.9964637479932312,0.9905241800628748,0.9387283562678009,0.9550582138831613,0.9502800791740659
2023-11-07,0.9987829704372456,0.9964637479932312,0.9750855020741308,0.988986395419828,0.9818780693038377
2023-11-08,0.9393534922098724,0.9987829704372456,0.9792570976485551,0.9849627137435368,0.9806815428222759
2023-11-09,0.9926361220160446,0.9393534922098724,0.9303713108033205,0.9207637590619232,0.9058113492153664
2023-11-10,0.9328631875881525,0.9926361220160446,0.9215498690576555,0.9365413062678548,0.9538892647198194
2023-11-11,0.9983482829024339,0.9328631875881525,0.9357528088850694,0.9384767054341089,0.8863484337236581
2023-11-12,0.993525762071756,0.9983482829024339,0.9801357993995541,0.9952068499672336,0.9735214835893663
2023-11-13,0.9984143523762063,0.993525762071756,0.930108050411284,0.9333319385230046,0.9664755745559808
2023-11-14,0.9976085442303227,0.9984143523762063,0.9730596914098608,0.989505732392296,0.9831221984043965
2023-11-15,0.9993172454384933,0.9976085442303227,0.940330202944238,0.9462408060356543,0.9621847892969281
2023-11-16,0.9998123563353193,0.9993172454384933,0.953509324679016,0.9677115767463487,0.9749089292680387
2023-11-17,0.9962212781937241,0.9998123563353193,0.9457132622649453,0.9568615975477076,0.9774361839603875
2023-11-18,0.9959410633006429,0.9962212781937241,0.8870979501607223,0.8992587153611684,0.9565765960755465
2023-11-19,0.9999262409952548,0.9959410633006429,0.9584019603021908,0.9846080093468926,0.9793835250081632
2023-11-20,1.0,0.9999262409952548,0.9734636457976222,0.9834614059222293,0.9912227255612177
2023-11-21,0.9943194179216323,1.0,0.970026823749514,0.9764159555892209,0.9905420776950404
2023-11-22,0.9964420098804617,0.9943194179216323,0.913818552283478,0.9196674562327722,0.9589130274862548
2023-11-23,0.9909523690835222,0.9964420098804617,0.8974658540093033,0.9173590224383057,0.9251735513079852
2023-11-24,0.8033822446320322,0.9909523690835222,0.8063938150791259,0.8289024711472761,1.0034060207425926
2023-11-25,0.9999521153063422,0.8033822446320322,0.8788936965757533,0.8781686037282467,0.8184907107458594
2023-11-26,0.8637890536205896,0.9999521153063422,0.9495018445322537,0.9786489606612234,0.9209703148863745
2023-11-27,0.9936814186905195,0.8637890536205896,0.9824638958955588,0.9618269117300857,0.9135727476499665
2023-11-28,0.9792217510601147,0.9936814186905195,0.9401134428993436,0.9428142748035808,0.9644385517280872
2023-11-29,0.9862934867904787,0.9792217510601147,0.9385617317179746,0.947977800517835,0.9344979574785294
2023-11-30,0.9991738620616138,0.9862934867904787,0.9077470030875548,0.9192393306986892,0.9144151694916486
2023-12-01,0.7982496052244199,0.9991738620616138,0.918320898238402,0.9403336529378857,0.9533680178723909
2023-12-02,0.8954784099432123,0.7982496052244199,0.931339630140719,0.9024301832973514,0.8854949482405999
2023-12-03,0.9994371482176361,0.8954784099432123,0.9521680771984272,0.9435338065662504,0.9353566421018907
2023-12-04,0.9840497288718424,0.9994371482176361,0.9414621537182797,0.9528430813460521,0.9571613705051347
2023-12-05,0.7845248389166272,0.9840497288718424,0.9363735856384703,0.9466273541220533,0.9327437361581893
2023-12-06,0.9198179775928113,0.7845248389166272,0.9576756459159718,0.9211151728720451,0.9239244641842053
2023-12-07,0.993803834398444,0.9198179775928113,0.9312170024448998,0.922102048965763,0.8756895654114022
2023-12-08,0.8669357130676972,0.993803834398444,0.9107078447278489,0.9257768145543425,0.9267987124659526
2023-12-09,0.996722832864476,0.8669357130676972,0.9448144951410009,0.9342755221551542,0.9200384762807117
2023-12-10,0.999574173630702,0.996722832864476,0.9240601705308054,0.9365580898292144,0.957188017655372
2023-12-11,0.9988947893360649,0.999574173630702,0.9256579967266458,0.943839428805437,0.9717798853239291
2023-12-12,0.9917020248133626,0.9988947893360649,0.9501767387166155,0.9678098890706655,0.9717428998249956
2023-12-13,0.9788070553386293,0.9917020248133626,0.9501554437355283,0.960153445930189,0.9670346305540305
2023-12-14,0.9747013748027947,0.9788070553386293,0.9456274405281014,0.9525258608067955,0.94639671398275
2023-12-15,0.9993460134067252,0.9747013748027947,0.9044443606791803,0.9114444631711551,0.9057030001001036
2023-12-16,0.990785776048422,0.9993460134067252,0.9331721245223882,0.956021501888177,0.9566655129727929
2023-12-17,0.9260135972034901,0.990785776048422,0.9188514012545582,0.9327229833324677,0.9558332024558099
2023-12-18,0.9664947008355296,0.9260135972034901,0.9741361132529015,0.9758605481104766,0.9785386577719386
2023-12-19,0.41100120075476015,0.9664947008355296,0.986541373480684,0.9847015581464514,0.9728713487246365
2023-12-20,0.9969286611754851,0.41100120075476015,0.9365765596320703,0.7980043196570653,0.8936645330336592
2023-12-21,0.9996008727582353,0.9969286611754851,0.8792746671241846,0.8938055831130021,0.9028863219189848
2023-12-22,0.9997376980379814,0.9996008727582353,0.9485862146913068,0.9775570365948956,0.8838308067508263
2023-12-23,0.9997404282933161,0.9997376980379814,0.9626482654959274,0.9749639577122,0.9872229275205965
2023-12-24,0.9994336028010916,0.9997404282933161,0.9453368173164293,0.9542674607848208,0.9804955677029751
2023-12-25,0.9900886529459453,0.9994336028010916,0.9461731707302221,0.9591980004385504,0.9700232590706636
2023-12-26,0.9894278772993033,0.9900886529459453,0.8870622050684145,0.8976356924262,0.8762782965690393
2023-12-27,0.8767476287077142,0.9894278772993033,0.878511773610317,0.9031582555933156,0.9313062522504749
2023-12-28,0.7262970615243343,0.8767476287077142,0.934511026548957,0.9340862751199884,0.8851203185311928
2023-12-29,0.9997249724972497,0.7262970615243343,0.8623941758960059,0.8122627048105302,0.7582507942478044
2023-12-30,0.9593491420003333,0.9997249724972497,0.8993000201004644,0.9323650206067774,0.9699212013126974
2023-12-31,0.9808112573956612,0.9593491420003333,0.9779060901027097,0.9923640579814516,0.9867260914454329
